-- phpMyAdmin SQL Dump
-- version 4.9.2
-- https://www.phpmyadmin.net/
--
-- Host: 127.0.0.1
-- Generation Time: May 11, 2020 at 11:26 AM
-- Server version: 10.4.11-MariaDB
-- PHP Version: 7.4.1

SET SQL_MODE = "NO_AUTO_VALUE_ON_ZERO";
SET AUTOCOMMIT = 0;
START TRANSACTION;
SET time_zone = "+00:00";


/*!40101 SET @OLD_CHARACTER_SET_CLIENT=@@CHARACTER_SET_CLIENT */;
/*!40101 SET @OLD_CHARACTER_SET_RESULTS=@@CHARACTER_SET_RESULTS */;
/*!40101 SET @OLD_COLLATION_CONNECTION=@@COLLATION_CONNECTION */;
/*!40101 SET NAMES utf8mb4 */;

--
-- Database: `e-api`
--

-- --------------------------------------------------------

--
-- Table structure for table `failed_jobs`
--

CREATE TABLE `failed_jobs` (
  `id` bigint(20) UNSIGNED NOT NULL,
  `connection` text COLLATE utf8mb4_unicode_ci NOT NULL,
  `queue` text COLLATE utf8mb4_unicode_ci NOT NULL,
  `payload` longtext COLLATE utf8mb4_unicode_ci NOT NULL,
  `exception` longtext COLLATE utf8mb4_unicode_ci NOT NULL,
  `failed_at` timestamp NOT NULL DEFAULT current_timestamp()
) ENGINE=InnoDB DEFAULT CHARSET=utf8mb4 COLLATE=utf8mb4_unicode_ci;

-- --------------------------------------------------------

--
-- Table structure for table `migrations`
--

CREATE TABLE `migrations` (
  `id` int(10) UNSIGNED NOT NULL,
  `migration` varchar(191) COLLATE utf8mb4_unicode_ci NOT NULL,
  `batch` int(11) NOT NULL
) ENGINE=InnoDB DEFAULT CHARSET=utf8mb4 COLLATE=utf8mb4_unicode_ci;

--
-- Dumping data for table `migrations`
--

INSERT INTO `migrations` (`id`, `migration`, `batch`) VALUES
(25, '2014_10_12_000000_create_users_table', 1),
(26, '2014_10_12_100000_create_password_resets_table', 1),
(27, '2016_06_01_000001_create_oauth_auth_codes_table', 1),
(28, '2016_06_01_000002_create_oauth_access_tokens_table', 1),
(29, '2016_06_01_000003_create_oauth_refresh_tokens_table', 1),
(30, '2016_06_01_000004_create_oauth_clients_table', 1),
(31, '2016_06_01_000005_create_oauth_personal_access_clients_table', 1),
(32, '2019_08_19_000000_create_failed_jobs_table', 1),
(33, '2020_04_23_025040_create_products_table', 1),
(34, '2020_04_23_031202_create_reviews_table', 1),
(35, '2020_05_01_062433_create_projects_table', 1),
(36, '2020_05_01_064641_create_owners_table', 1);

-- --------------------------------------------------------

--
-- Table structure for table `oauth_access_tokens`
--

CREATE TABLE `oauth_access_tokens` (
  `id` varchar(100) COLLATE utf8mb4_unicode_ci NOT NULL,
  `user_id` bigint(20) UNSIGNED DEFAULT NULL,
  `client_id` bigint(20) UNSIGNED NOT NULL,
  `name` varchar(191) COLLATE utf8mb4_unicode_ci DEFAULT NULL,
  `scopes` text COLLATE utf8mb4_unicode_ci DEFAULT NULL,
  `revoked` tinyint(1) NOT NULL,
  `created_at` timestamp NULL DEFAULT NULL,
  `updated_at` timestamp NULL DEFAULT NULL,
  `expires_at` datetime DEFAULT NULL
) ENGINE=InnoDB DEFAULT CHARSET=utf8mb4 COLLATE=utf8mb4_unicode_ci;

--
-- Dumping data for table `oauth_access_tokens`
--

INSERT INTO `oauth_access_tokens` (`id`, `user_id`, `client_id`, `name`, `scopes`, `revoked`, `created_at`, `updated_at`, `expires_at`) VALUES
('055c15d65f031db2bda7d4114da38fd5943cbe10a21df8817075fc41e6d4f310e527946dd62d2aee', 6, 2, NULL, '[]', 0, '2020-05-06 08:55:37', '2020-05-06 08:55:37', '2021-05-06 15:55:37');

-- --------------------------------------------------------

--
-- Table structure for table `oauth_auth_codes`
--

CREATE TABLE `oauth_auth_codes` (
  `id` varchar(100) COLLATE utf8mb4_unicode_ci NOT NULL,
  `user_id` bigint(20) UNSIGNED NOT NULL,
  `client_id` bigint(20) UNSIGNED NOT NULL,
  `scopes` text COLLATE utf8mb4_unicode_ci DEFAULT NULL,
  `revoked` tinyint(1) NOT NULL,
  `expires_at` datetime DEFAULT NULL
) ENGINE=InnoDB DEFAULT CHARSET=utf8mb4 COLLATE=utf8mb4_unicode_ci;

-- --------------------------------------------------------

--
-- Table structure for table `oauth_clients`
--

CREATE TABLE `oauth_clients` (
  `id` bigint(20) UNSIGNED NOT NULL,
  `user_id` bigint(20) UNSIGNED DEFAULT NULL,
  `name` varchar(191) COLLATE utf8mb4_unicode_ci NOT NULL,
  `secret` varchar(100) COLLATE utf8mb4_unicode_ci DEFAULT NULL,
  `redirect` text COLLATE utf8mb4_unicode_ci NOT NULL,
  `personal_access_client` tinyint(1) NOT NULL,
  `password_client` tinyint(1) NOT NULL,
  `revoked` tinyint(1) NOT NULL,
  `created_at` timestamp NULL DEFAULT NULL,
  `updated_at` timestamp NULL DEFAULT NULL
) ENGINE=InnoDB DEFAULT CHARSET=utf8mb4 COLLATE=utf8mb4_unicode_ci;

--
-- Dumping data for table `oauth_clients`
--

INSERT INTO `oauth_clients` (`id`, `user_id`, `name`, `secret`, `redirect`, `personal_access_client`, `password_client`, `revoked`, `created_at`, `updated_at`) VALUES
(1, NULL, 'Laravel Personal Access Client', 'TYuYreJZvMRNEOouf9AYHm1G9MNE86pGK573gaU6', 'http://localhost', 1, 0, 0, '2020-05-06 03:07:40', '2020-05-06 03:07:40'),
(2, NULL, 'Laravel Password Grant Client', 'zbe8r3AoUvBvTSIFpd6Rqrra43yV2cz4Okqquv5n', 'http://localhost', 0, 1, 0, '2020-05-06 03:07:40', '2020-05-06 03:07:40');

-- --------------------------------------------------------

--
-- Table structure for table `oauth_personal_access_clients`
--

CREATE TABLE `oauth_personal_access_clients` (
  `id` bigint(20) UNSIGNED NOT NULL,
  `client_id` bigint(20) UNSIGNED NOT NULL,
  `created_at` timestamp NULL DEFAULT NULL,
  `updated_at` timestamp NULL DEFAULT NULL
) ENGINE=InnoDB DEFAULT CHARSET=utf8mb4 COLLATE=utf8mb4_unicode_ci;

--
-- Dumping data for table `oauth_personal_access_clients`
--

INSERT INTO `oauth_personal_access_clients` (`id`, `client_id`, `created_at`, `updated_at`) VALUES
(1, 1, '2020-05-06 03:07:40', '2020-05-06 03:07:40');

-- --------------------------------------------------------

--
-- Table structure for table `oauth_refresh_tokens`
--

CREATE TABLE `oauth_refresh_tokens` (
  `id` varchar(100) COLLATE utf8mb4_unicode_ci NOT NULL,
  `access_token_id` varchar(100) COLLATE utf8mb4_unicode_ci NOT NULL,
  `revoked` tinyint(1) NOT NULL,
  `expires_at` datetime DEFAULT NULL
) ENGINE=InnoDB DEFAULT CHARSET=utf8mb4 COLLATE=utf8mb4_unicode_ci;

--
-- Dumping data for table `oauth_refresh_tokens`
--

INSERT INTO `oauth_refresh_tokens` (`id`, `access_token_id`, `revoked`, `expires_at`) VALUES
('27aee3c99dac8067a35a3cf74e599737a8eec0a4730eeb588af789e6f02b5db3809717f38d303d5e', '055c15d65f031db2bda7d4114da38fd5943cbe10a21df8817075fc41e6d4f310e527946dd62d2aee', 0, '2021-05-06 15:55:37');

-- --------------------------------------------------------

--
-- Table structure for table `owners`
--

CREATE TABLE `owners` (
  `id` bigint(20) UNSIGNED NOT NULL,
  `project_id` bigint(20) UNSIGNED NOT NULL,
  `name` varchar(191) COLLATE utf8mb4_unicode_ci NOT NULL,
  `position` varchar(191) COLLATE utf8mb4_unicode_ci NOT NULL,
  `department` varchar(191) COLLATE utf8mb4_unicode_ci NOT NULL,
  `phone` varchar(191) COLLATE utf8mb4_unicode_ci NOT NULL,
  `supervisor` varchar(191) COLLATE utf8mb4_unicode_ci NOT NULL,
  `review` text COLLATE utf8mb4_unicode_ci NOT NULL,
  `created_at` timestamp NULL DEFAULT NULL,
  `updated_at` timestamp NULL DEFAULT NULL
) ENGINE=MyISAM DEFAULT CHARSET=utf8mb4 COLLATE=utf8mb4_unicode_ci;

--
-- Dumping data for table `owners`
--

INSERT INTO `owners` (`id`, `project_id`, `name`, `position`, `department`, `phone`, `supervisor`, `review`, `created_at`, `updated_at`) VALUES
(2, 14, 'Dr. Hortense Maggio', 'Tire Builder', 'Volkman PLC', '888-951-1708', 'Prof. Brent Runolfsdottir Sr.', 'Illo et voluptas cumque enim consequatur veniam. Earum nulla voluptates incidunt quis quaerat. Dolore alias mollitia consequatur blanditiis quasi aut eveniet voluptas.', '2020-05-06 02:28:00', '2020-05-06 02:28:00'),
(3, 8, 'Chasity Fritsch II', 'Percussion Instrument Repairer', 'Howe-Daniel', '888-958-9935', 'Rahsaan Kshlerin IV', 'Saepe voluptate quae aut. Eos modi ut alias. Consequatur sunt alias repellat. Et officia quae maiores nisi earum.', '2020-05-06 02:28:00', '2020-05-06 02:28:00'),
(5, 14, 'Melba Koelpin MD', 'Landscape Artist', 'Mohr, Dach and Moen', '(888) 539-4464', 'Dr. Major Reilly', 'Ex nobis eaque et officia et. Hic laboriosam voluptatem adipisci nam numquam quas aut nemo. Ea maxime illum iure. Est sit rerum aut porro omnis. Atque quos nemo optio est eum.', '2020-05-06 02:28:00', '2020-05-06 02:28:00'),
(6, 12, 'Edna Gorczany', 'Actuary', 'Bosco-Vandervort', '855-584-0581', 'Blaze Leffler', 'Dolor dicta nam cum dolores sequi. Est culpa vel praesentium ut. Molestias laboriosam ab cumque incidunt ipsum nulla. Aut repellendus omnis sed sit doloremque.', '2020-05-06 02:28:00', '2020-05-06 02:28:00'),
(7, 17, 'Darwin Stoltenberg', 'Postsecondary Teacher', 'Ondricka Ltd', '855.761.2414', 'Hermann Waters I', 'Dolorem provident et quidem ea blanditiis consequatur aliquid ipsam. Dolorem iusto eius unde dolores pariatur provident. Iste reprehenderit quidem ipsum sit similique mollitia laudantium. Consequatur ut et vel cupiditate.', '2020-05-06 02:28:00', '2020-05-06 02:28:00'),
(8, 12, 'Mr. Franz Maggio', 'Statistical Assistant', 'Doyle and Sons', '844.549.1188', 'Kale Kirlin', 'Ut quo aperiam aliquid. Qui consectetur expedita quod dolorem sint id esse. Quod nisi cupiditate eius ut velit dolor. Minus asperiores iste soluta facilis.', '2020-05-06 02:28:00', '2020-05-06 02:28:00'),
(9, 12, 'Dr. Kayden Von V', 'Personal Home Care Aide', 'Larkin, Waelchi and Volkman', '877-723-7865', 'Paxton Connelly', 'Enim odit voluptatem architecto est debitis a. Blanditiis fugit cum tempore quia pariatur delectus. Unde vitae eligendi soluta quos repudiandae. Consequatur debitis aliquam quisquam et aut recusandae voluptates. Optio iure ut nisi veniam exercitationem eos.', '2020-05-06 02:28:00', '2020-05-06 02:28:00'),
(10, 16, 'Avery Parker', 'Medical Appliance Technician', 'Rutherford PLC', '1-877-609-5517', 'Ramon Herman', 'Reiciendis porro et soluta et sint sed. Quis placeat quam accusantium voluptates. Asperiores vero rerum et vero consequuntur et quasi.', '2020-05-06 02:28:00', '2020-05-06 02:28:00'),
(11, 11, 'Nelson Satterfield Sr.', 'Transportation Equipment Maintenance', 'Pfannerstill, Dibbert and Koelpin', '877-415-8060', 'Eunice Watsica', 'Quae aut praesentium blanditiis asperiores exercitationem. Sint sunt et ducimus. Doloribus eius doloremque est est voluptas minus.', '2020-05-06 02:28:00', '2020-05-06 02:28:00'),
(12, 5, 'Ellie Dach', 'Substance Abuse Counselor', 'Wehner Inc', '(800) 947-4042', 'Chasity Schamberger', 'Ea et quo dicta deleniti omnis. Et voluptate officiis expedita non ullam est. Sed consequatur et incidunt ut qui deserunt et. Minima aliquid et ex earum sapiente.', '2020-05-06 02:28:00', '2020-05-06 02:28:00'),
(13, 7, 'Luis Skiles', 'Fiberglass Laminator and Fabricator', 'Hettinger LLC', '(844) 562-8794', 'Ms. Ettie Considine DDS', 'Modi sunt quo maxime voluptatem qui. Fugiat quia ullam natus rerum voluptatibus dignissimos magnam. Tenetur enim cumque magni in velit. Nulla corporis eius consequatur omnis quia voluptas laborum.', '2020-05-06 02:28:00', '2020-05-06 02:28:00'),
(14, 8, 'Mr. Barry Hills DVM', 'Food Scientists and Technologist', 'Strosin-Moore', '(800) 781-6483', 'Coleman Ferry', 'Amet reiciendis suscipit occaecati architecto fugit. Repudiandae possimus ut suscipit rem ipsam. Expedita sed quos magni expedita. Quos neque corporis fugiat est.', '2020-05-06 02:28:00', '2020-05-06 02:28:00'),
(15, 6, 'Mrs. Thora Jones V', 'Civil Engineering Technician', 'Kozey Ltd', '844-306-6768', 'Rodolfo Erdman', 'Vero est exercitationem eos hic molestiae in consequatur veritatis. Autem voluptas exercitationem ex laborum magni. Excepturi quis sint cum delectus.', '2020-05-06 02:28:00', '2020-05-06 02:28:00'),
(18, 10, 'Linda Zieme', 'Receptionist and Information Clerk', 'Kub, Wilkinson and Goyette', '855-809-2971', 'Dr. Kane Schaden I', 'Commodi tenetur et voluptas vitae. Consectetur consequatur non id tempore temporibus fugiat sint. Nam at officiis rem voluptas vero aliquid sequi.', '2020-05-06 02:28:00', '2020-05-06 02:28:00'),
(19, 5, 'Dr. Eloisa Mayert DDS', 'Medical Records Technician', 'Schinner-Borer', '(800) 860-9332', 'Ms. Marjory Blick', 'Laudantium sit enim natus voluptatibus quia reprehenderit quod. Unde doloribus exercitationem occaecati ut modi et. Corrupti dolores ut nesciunt optio laborum sequi quisquam. Et laboriosam id voluptatem ad quia reprehenderit quam. Qui porro perspiciatis dolore rerum in.', '2020-05-06 02:28:00', '2020-05-06 02:28:00'),
(20, 6, 'Augustus Predovic II', 'Mathematical Science Teacher', 'Bauch LLC', '844.548.0926', 'Roel Kris', 'Maiores est est magnam molestiae adipisci. Eius explicabo sint officiis harum. Libero nisi autem corrupti et labore. Quae eum natus ut laboriosam quia rerum officiis. Dolor voluptatibus maxime perspiciatis placeat dignissimos beatae placeat.', '2020-05-06 02:28:00', '2020-05-06 02:28:00'),
(21, 12, 'Yazmin Batz', 'PR Manager', 'Nader LLC', '800.506.9011', 'Mia Schinner MD', 'Sed repellat cumque porro dicta. Repudiandae error animi dolorem.', '2020-05-06 02:28:00', '2020-05-06 02:28:00'),
(22, 16, 'Andy Weissnat', 'Postal Clerk', 'Johnston Group', '(844) 565-3456', 'Prof. Agustin Rice', 'Voluptates est ducimus velit illum tenetur qui. Incidunt enim non possimus facilis autem voluptatem.', '2020-05-06 02:28:00', '2020-05-06 02:28:00'),
(23, 6, 'Toby Mills', 'Sound Engineering Technician', 'Schimmel PLC', '1-888-618-3438', 'Elnora Jerde', 'Rerum repudiandae officia laudantium consequuntur eligendi earum dignissimos voluptas. Aperiam asperiores qui quo. Eaque aut itaque magni consequuntur adipisci mollitia quis. Ut quia ratione at molestias reiciendis et.', '2020-05-06 02:28:00', '2020-05-06 02:28:00'),
(24, 18, 'Mrs. Dovie Gutkowski', 'Wholesale Buyer', 'Pacocha, Wilkinson and Keeling', '877-992-6442', 'Christ Huels', 'Qui non dolores quaerat molestiae. Quidem magni dolore temporibus. Consequuntur quod enim sit atque odio ut quasi. Alias animi enim labore.', '2020-05-06 02:28:00', '2020-05-06 02:28:00'),
(25, 18, 'Icie Hodkiewicz Sr.', 'Fish Hatchery Manager', 'Hartmann, Kshlerin and Ryan', '855.307.8376', 'Ms. Dayna Gutkowski', 'Debitis nihil quibusdam eius ipsam. Voluptas sit aut nisi ullam qui accusamus. Vel recusandae nobis harum rerum qui aspernatur.', '2020-05-06 02:28:00', '2020-05-06 02:28:00'),
(26, 11, 'Isaias Hermiston', 'Orthotist OR Prosthetist', 'Ryan Group', '(877) 829-7402', 'Letha Kunde', 'Omnis quo harum adipisci dolores. Similique corrupti quod quasi rerum. Optio ut necessitatibus sunt non quis.', '2020-05-06 02:28:00', '2020-05-06 02:28:00'),
(27, 14, 'Camille Gulgowski', 'Highway Patrol Pilot', 'Aufderhar PLC', '1-800-412-5515', 'Trisha Wyman', 'Qui qui reprehenderit ea nisi et. Et necessitatibus labore eligendi tempore sequi enim. Quia sit atque maxime quas.', '2020-05-06 02:28:00', '2020-05-06 02:28:00'),
(28, 12, 'Dr. Valentin Wolf', 'Stonemason', 'Abbott Inc', '866-237-9159', 'Dr. Otto McGlynn', 'Rerum quae ea exercitationem porro. Ut dolorum error occaecati impedit nisi ipsam. Voluptatem adipisci iste unde possimus consectetur autem est.', '2020-05-06 02:28:00', '2020-05-06 02:28:00'),
(29, 6, 'Prof. Moriah Cassin Sr.', 'Computer-Controlled Machine Tool Operator', 'Gibson-O\'Connell', '866.674.3532', 'Margarita Reichel I', 'Odio molestiae neque sed odio qui consequatur veritatis. Omnis et suscipit quod voluptatem voluptas illo repudiandae. Et est quidem maiores voluptates minus autem. Repellendus velit sequi aut eaque rerum quia enim. Amet dolor tempore eum.', '2020-05-06 02:28:00', '2020-05-06 02:28:00');

-- --------------------------------------------------------

--
-- Table structure for table `password_resets`
--

CREATE TABLE `password_resets` (
  `email` varchar(191) COLLATE utf8mb4_unicode_ci NOT NULL,
  `token` varchar(191) COLLATE utf8mb4_unicode_ci NOT NULL,
  `created_at` timestamp NULL DEFAULT NULL
) ENGINE=InnoDB DEFAULT CHARSET=utf8mb4 COLLATE=utf8mb4_unicode_ci;

-- --------------------------------------------------------

--
-- Table structure for table `products`
--

CREATE TABLE `products` (
  `id` bigint(20) UNSIGNED NOT NULL,
  `name` varchar(191) COLLATE utf8mb4_unicode_ci NOT NULL,
  `detail` text COLLATE utf8mb4_unicode_ci NOT NULL,
  `price` int(11) NOT NULL,
  `stock` int(11) NOT NULL,
  `discount` int(11) NOT NULL,
  `user_id` int(10) UNSIGNED NOT NULL,
  `created_at` timestamp NULL DEFAULT NULL,
  `updated_at` timestamp NULL DEFAULT NULL
) ENGINE=MyISAM DEFAULT CHARSET=utf8mb4 COLLATE=utf8mb4_unicode_ci;

--
-- Dumping data for table `products`
--

INSERT INTO `products` (`id`, `name`, `detail`, `price`, `stock`, `discount`, `user_id`, `created_at`, `updated_at`) VALUES
(1, 'commodi', 'Rerum incidunt culpa qui blanditiis. Aut debitis quo adipisci sed quia aut sit. Maxime soluta dignissimos iusto. Officiis fugiat voluptatem beatae sit fuga. Dolor non et voluptas veritatis sed pariatur aliquam nesciunt.', 594, 8, 28, 1, '2020-05-06 02:27:59', '2020-05-06 02:27:59'),
(2, 'aspernatur', 'Dolore ut illum rerum dolores architecto. Rem et dolore autem tenetur nostrum. Ea tempore officiis sint vel voluptatum fugit animi.', 954, 4, 30, 2, '2020-05-06 02:27:59', '2020-05-06 02:27:59'),
(3, 'culpa', 'Ipsa perferendis rerum at natus velit hic. Est doloribus aliquid vel qui sapiente excepturi. Aut labore soluta est tempore ratione sint delectus iusto. Odio aut sed a ut deleniti maiores.', 176, 4, 24, 3, '2020-05-06 02:27:59', '2020-05-06 02:27:59'),
(4, 'assumenda', 'Sapiente voluptatem quasi quas numquam saepe soluta commodi nisi. Fugiat illum neque ea voluptas enim dolor non. Ut maxime quam omnis non quam odio non enim. Ut similique nam commodi aliquid consequatur nobis autem laborum.', 662, 5, 15, 2, '2020-05-06 02:27:59', '2020-05-06 02:27:59'),
(5, 'consequatur', 'Sint voluptas libero blanditiis voluptas enim. Sed voluptatem dolorem et assumenda est voluptas. Excepturi consequatur incidunt quisquam id qui dicta veniam. Eos cumque id ducimus.', 413, 7, 17, 4, '2020-05-06 02:27:59', '2020-05-06 02:27:59'),
(6, 'eum', 'Quam doloremque nam dolor omnis aliquam. Ex non id odio unde eligendi laudantium est. Velit eaque voluptatem et ratione animi.', 361, 5, 8, 4, '2020-05-06 02:27:59', '2020-05-06 02:27:59'),
(7, 'qui', 'Provident earum tempore et sapiente sunt expedita velit aut. Aut similique at ea sunt. Aut et sapiente non.', 310, 4, 28, 3, '2020-05-06 02:27:59', '2020-05-06 02:27:59'),
(8, 'et', 'Cumque animi numquam velit voluptates delectus. Odit minima magni incidunt impedit.', 942, 5, 26, 2, '2020-05-06 02:27:59', '2020-05-06 02:27:59'),
(9, 'consequatur', 'Excepturi necessitatibus deserunt modi recusandae sit. Ullam voluptate aspernatur alias incidunt quia omnis. Et voluptas numquam dolore et quidem autem.', 715, 3, 3, 4, '2020-05-06 02:27:59', '2020-05-06 02:27:59'),
(10, 'quibusdam', 'Iusto similique beatae esse excepturi deleniti ipsa. Quis non illo culpa nobis corporis rerum. Saepe est dicta ipsa animi omnis. Eaque deserunt ea voluptas sapiente quam assumenda et.', 469, 2, 28, 1, '2020-05-06 02:27:59', '2020-05-06 02:27:59'),
(11, 'ut', 'Impedit et beatae nisi deserunt quidem placeat. Et qui quis autem totam.', 774, 5, 20, 5, '2020-05-06 02:27:59', '2020-05-06 02:27:59'),
(12, 'soluta', 'Est magni qui recusandae dolor id perferendis earum. Aperiam dolores deleniti occaecati id magni. Nesciunt ut at voluptate et voluptates et.', 814, 5, 28, 1, '2020-05-06 02:27:59', '2020-05-06 02:27:59'),
(13, 'atque', 'Hic excepturi id sapiente eum tempora exercitationem velit omnis. Accusamus velit repudiandae magni reiciendis quo. Sed ex sit et sapiente. Aliquam sit voluptas nesciunt laudantium eaque vel quaerat.', 996, 5, 22, 5, '2020-05-06 02:27:59', '2020-05-06 02:27:59'),
(14, 'eveniet', 'Molestiae sed est ut. Excepturi est expedita id quis est. Quis repellendus quis saepe qui.', 325, 9, 16, 3, '2020-05-06 02:27:59', '2020-05-06 02:27:59'),
(15, 'occaecati', 'Esse maxime quibusdam saepe dolorem et quae debitis. At amet eos dolorem impedit. Asperiores velit iste esse aut et illo. Magni iste enim est sunt dolores non impedit minus.', 324, 9, 21, 2, '2020-05-06 02:27:59', '2020-05-06 02:27:59'),
(16, 'labore', 'Ab id dignissimos dolores alias atque. Aut est quas ut et cupiditate autem est tempore. Sunt quaerat aut consequatur sint fugit error error labore. Nesciunt vero eius nihil qui.', 917, 6, 6, 1, '2020-05-06 02:27:59', '2020-05-06 02:27:59'),
(17, 'inventore', 'Et reprehenderit qui facere vitae dolores aut aut officia. Ab temporibus minus cum reiciendis saepe quo et.', 856, 0, 14, 3, '2020-05-06 02:27:59', '2020-05-06 02:27:59'),
(18, 'occaecati', 'Aliquam illo cupiditate dolor qui. Qui eaque architecto odio fugiat quod doloribus voluptatem vel. Est culpa occaecati quia repellat accusamus.', 461, 4, 22, 3, '2020-05-06 02:27:59', '2020-05-06 02:27:59'),
(19, 'sit', 'Consectetur dolorem magnam sunt sunt cumque itaque. Animi nulla deleniti labore similique rerum eos. Harum voluptate praesentium perferendis sit provident officiis. Ex nobis architecto minus qui delectus molestiae.', 620, 8, 15, 3, '2020-05-06 02:27:59', '2020-05-06 02:27:59'),
(20, 'quia', 'Iste est enim id qui voluptatem autem. Et dolorem voluptas adipisci itaque exercitationem.', 618, 1, 15, 2, '2020-05-06 02:27:59', '2020-05-06 02:27:59'),
(21, 'consequuntur', 'Voluptatem consectetur nihil debitis ut nihil vero. Perspiciatis ea rerum adipisci rerum. Et itaque error quibusdam commodi expedita eum praesentium voluptatem. Pariatur laborum quidem itaque.', 330, 5, 18, 1, '2020-05-06 02:27:59', '2020-05-06 02:27:59'),
(22, 'eos', 'Laudantium libero aut odio labore velit. Repellendus accusamus ab eum quia optio saepe. Recusandae sint nisi ut tempora deserunt ab placeat.', 681, 9, 10, 4, '2020-05-06 02:27:59', '2020-05-06 02:27:59'),
(23, 'et', 'Vel animi voluptatem non aliquid id commodi. Ea hic provident qui ipsam pariatur. Et quod ex sed cum ipsa quas quisquam.', 941, 8, 20, 5, '2020-05-06 02:27:59', '2020-05-06 02:27:59'),
(24, 'molestiae', 'Doloribus aut quisquam et consequatur. Maxime nam aut accusantium atque. Harum quidem dignissimos in id et ullam.', 461, 6, 22, 3, '2020-05-06 02:27:59', '2020-05-06 02:27:59'),
(25, 'tenetur', 'Dolorem dolor molestiae libero sed. Et veniam perferendis officiis. Rerum sapiente vitae earum sapiente praesentium numquam blanditiis. Alias eaque enim voluptas quae autem architecto.', 468, 5, 12, 1, '2020-05-06 02:27:59', '2020-05-06 02:27:59'),
(26, 'impedit', 'Molestiae ratione maiores labore sed dolorum perferendis labore. Ad debitis alias totam eos laboriosam. Libero quas sed ut impedit voluptate illum at. Tenetur deserunt ut tempore harum ad minima.', 584, 0, 4, 5, '2020-05-06 02:27:59', '2020-05-06 02:27:59'),
(27, 'nam', 'Qui quaerat error veniam non. Voluptas occaecati libero voluptatem natus qui voluptatem. Officia expedita aut autem quia qui.', 421, 0, 27, 5, '2020-05-06 02:27:59', '2020-05-06 02:27:59'),
(28, 'et', 'Nam est omnis voluptatem voluptatem. Nam omnis ipsum sint officiis sed libero. Non et excepturi aut necessitatibus deleniti. Vero voluptas architecto a.', 297, 3, 13, 1, '2020-05-06 02:27:59', '2020-05-06 02:27:59'),
(29, 'amet', 'Repellendus voluptatibus cupiditate dolore quis modi aliquam quos. Beatae eius est voluptate autem esse sed aut.', 913, 1, 24, 4, '2020-05-06 02:27:59', '2020-05-06 02:27:59'),
(30, 'qui', 'Impedit necessitatibus quae quia magnam sint aspernatur. Quibusdam ut qui ipsum sint reprehenderit. Ut aut amet mollitia nam optio praesentium quidem.', 192, 0, 22, 4, '2020-05-06 02:27:59', '2020-05-06 02:27:59'),
(31, 'eum', 'Quas qui ullam cum dolore. Dignissimos dolores dolor est minima quis aut. Quibusdam nam exercitationem ad explicabo nulla minima maiores occaecati. Iure ipsa quod corporis.', 549, 7, 8, 3, '2020-05-06 02:27:59', '2020-05-06 02:27:59'),
(32, 'voluptatem', 'Et fuga non asperiores ipsa deleniti. Magnam ut ea tempora. Omnis fuga consequatur consequatur reprehenderit.', 963, 1, 15, 3, '2020-05-06 02:27:59', '2020-05-06 02:27:59'),
(33, 'sequi', 'At aliquam dolore aut nisi non nihil. Enim ut et aliquam fugiat est. A ratione ut repellendus voluptatem eos aut aspernatur fuga.', 339, 0, 24, 4, '2020-05-06 02:27:59', '2020-05-06 02:27:59'),
(34, 'ducimus', 'Eligendi dolor placeat sapiente quo similique. Velit et sequi suscipit est dolores ex.', 216, 8, 8, 4, '2020-05-06 02:27:59', '2020-05-06 02:27:59'),
(35, 'nobis', 'Enim ut et est aliquam. Aut rem sunt perferendis quam. Dolorum omnis quo ut praesentium velit et ut. Quis repellendus quasi adipisci illum vitae totam.', 385, 8, 5, 4, '2020-05-06 02:27:59', '2020-05-06 02:27:59'),
(36, 'aut', 'Sunt quia impedit odio ab suscipit ducimus dolorem. Consequuntur provident facere dolor enim autem. Dolores esse aut est et voluptatem consequuntur dolorum fugiat.', 224, 9, 9, 4, '2020-05-06 02:27:59', '2020-05-06 02:27:59'),
(37, 'nobis', 'Dolores dignissimos iusto molestias unde. Ad error hic voluptate nesciunt quia sunt iste. Qui debitis sed dolorem nobis consectetur ex.', 234, 5, 17, 3, '2020-05-06 02:27:59', '2020-05-06 02:27:59'),
(38, 'provident', 'At error amet excepturi sed. Pariatur aut repellendus earum illum. Sapiente quasi harum ipsa et temporibus et ut nesciunt.', 111, 4, 2, 4, '2020-05-06 02:27:59', '2020-05-06 02:27:59'),
(39, 'corrupti', 'Est odit repudiandae dolore ab molestias. Culpa ullam in et rem. Perferendis nobis quod dignissimos omnis.', 265, 5, 25, 3, '2020-05-06 02:27:59', '2020-05-06 02:27:59'),
(40, 'consequuntur', 'Quidem rerum laboriosam cupiditate eius veritatis ad nihil. Quod vel ut autem. Architecto adipisci sed et similique voluptatum ut dicta.', 759, 6, 6, 5, '2020-05-06 02:27:59', '2020-05-06 02:27:59'),
(41, 'vero', 'Repellat quia occaecati quo laboriosam. Cupiditate eaque officia dicta cumque maiores libero. Voluptates ipsum quis ea exercitationem consequatur ut sit quam. Facere porro repellat qui porro vel est quam.', 242, 7, 17, 2, '2020-05-06 02:27:59', '2020-05-06 02:27:59'),
(42, 'est', 'Deleniti modi consequatur voluptatum culpa soluta perferendis harum. Laborum hic exercitationem mollitia velit.', 315, 3, 17, 4, '2020-05-06 02:27:59', '2020-05-06 02:27:59'),
(43, 'quibusdam', 'Iusto dolorem nihil facilis qui. Occaecati similique veniam in nesciunt numquam laborum ut. Sunt explicabo dolorum et labore autem. Enim quae sed placeat molestias fugiat sint repellat.', 748, 8, 22, 4, '2020-05-06 02:27:59', '2020-05-06 02:27:59'),
(44, 'aut', 'Qui minima possimus quibusdam sequi quis nihil. Eligendi fugit corporis enim doloremque perferendis id. Voluptatem autem eos dolores aut.', 662, 4, 27, 5, '2020-05-06 02:27:59', '2020-05-06 02:27:59'),
(45, 'et', 'Tenetur quia architecto libero aliquam perspiciatis doloribus placeat. Sint sint culpa sint velit. Commodi sit nihil ut consequatur. Qui ipsam magnam provident voluptatum.', 487, 4, 16, 1, '2020-05-06 02:27:59', '2020-05-06 02:27:59'),
(46, 'dignissimos', 'Reprehenderit nobis rerum officiis magnam. Est molestiae exercitationem assumenda nam. Recusandae quia consequatur ut blanditiis.', 663, 9, 13, 2, '2020-05-06 02:27:59', '2020-05-06 02:27:59'),
(47, 'cumque', 'Libero placeat quae qui repellat ut blanditiis. Aspernatur soluta assumenda et magni qui earum modi. Consequatur velit pariatur architecto. Aperiam vitae magnam a vero sit voluptas et.', 296, 1, 10, 1, '2020-05-06 02:27:59', '2020-05-06 02:27:59'),
(48, 'est', 'Ut molestiae aut vel dolorum magnam molestiae voluptatem. Voluptatem blanditiis veritatis inventore est magnam incidunt enim. Reprehenderit suscipit voluptas quo sapiente in.', 486, 8, 20, 3, '2020-05-06 02:27:59', '2020-05-06 02:27:59'),
(49, 'qui', 'Cupiditate pariatur dolor quis minus rerum inventore. Natus qui a amet amet expedita molestias.', 990, 1, 23, 5, '2020-05-06 02:27:59', '2020-05-06 02:27:59'),
(50, 'quia', 'Laborum nemo cum saepe enim. Rem aut fugit corporis nobis cupiditate. Temporibus provident ab omnis reprehenderit sapiente facilis. Et voluptatem praesentium enim eaque eum consequatur ipsam ea.', 125, 2, 15, 5, '2020-05-06 02:27:59', '2020-05-06 02:27:59');

-- --------------------------------------------------------

--
-- Table structure for table `projects`
--

CREATE TABLE `projects` (
  `id` bigint(20) UNSIGNED NOT NULL,
  `name` varchar(191) COLLATE utf8mb4_unicode_ci NOT NULL,
  `detail` text COLLATE utf8mb4_unicode_ci NOT NULL,
  `sponsor` varchar(191) COLLATE utf8mb4_unicode_ci NOT NULL,
  `price` int(11) NOT NULL,
  `duration` int(11) NOT NULL,
  `start` date NOT NULL,
  `finish` date NOT NULL,
  `user_id` int(10) UNSIGNED NOT NULL,
  `created_at` timestamp NULL DEFAULT NULL,
  `updated_at` timestamp NULL DEFAULT NULL
) ENGINE=MyISAM DEFAULT CHARSET=utf8mb4 COLLATE=utf8mb4_unicode_ci;

--
-- Dumping data for table `projects`
--

INSERT INTO `projects` (`id`, `name`, `detail`, `sponsor`, `price`, `duration`, `start`, `finish`, `user_id`, `created_at`, `updated_at`) VALUES
(1, 'Project Waste Deposit Updated', 'Project Building Water Supply Updated', 'Lanchan Mekong', 20000, 36, '2020-08-01', '2023-08-01', 4, '2020-05-06 02:28:00', '2020-05-06 09:17:48'),
(5, 'Gerry Hamill', 'Ea nihil sint magni consequatur dolores beatae. Non consequatur recusandae et fuga consequatur ea. Qui accusantium inventore magnam explicabo error assumenda.', 'Lemke Group', 27316, 27, '1994-03-20', '2022-01-29', 3, '2020-05-06 02:28:00', '2020-05-06 02:28:00'),
(6, 'Dr. Margarette Pfannerstill', 'Nam aut sunt voluptate et accusantium voluptatem. Asperiores voluptatem quis voluptatem distinctio nostrum quod qui et. Tempore suscipit dolor assumenda omnis repudiandae dolor libero. Minus et quia et quasi blanditiis natus earum.', 'Cassin-Jaskolski', 56120, 32, '1980-08-18', '2020-07-08', 1, '2020-05-06 02:28:00', '2020-05-06 02:28:00'),
(7, 'Jewell West', 'Dolor unde minus dolore facilis. Magni fugiat esse fugiat explicabo repellendus maxime earum. Delectus provident sint aliquam beatae molestiae iste sed. Et modi quibusdam qui suscipit eius et adipisci. Sit quis minima aliquid ut at.', 'Yundt, Koelpin and Stark', 12302, 14, '1974-04-26', '2023-09-27', 3, '2020-05-06 02:28:00', '2020-05-06 02:28:00'),
(8, 'Mr. Mathew Nader', 'A deleniti adipisci iusto qui minima molestias nisi. Vel commodi non dolorum eveniet quos ut nostrum sequi. Recusandae enim perferendis voluptatem voluptates aliquid sunt autem ut.', 'Paucek Group', 89655, 35, '2013-11-15', '2020-11-14', 2, '2020-05-06 02:28:00', '2020-05-06 02:28:00'),
(9, 'Mr. Giovanny Heller Sr.', 'Sit tempora in aliquid. Sint iure illo sapiente maxime.', 'Jenkins Inc', 68683, 46, '1976-09-11', '2020-08-25', 1, '2020-05-06 02:28:00', '2020-05-06 02:28:00'),
(10, 'Adella Wyman', 'Expedita sit qui fugiat. Eos rerum id provident natus. Et quibusdam et aspernatur impedit nesciunt ut doloremque. Et recusandae exercitationem dolorem dolor dolorem qui quos. Libero quibusdam quia ut sint sed reiciendis et.', 'Rath-Graham', 82743, 33, '1986-06-15', '2023-04-14', 2, '2020-05-06 02:28:00', '2020-05-06 02:28:00'),
(11, 'Easter Langosh', 'Distinctio perspiciatis nesciunt dicta minus distinctio. Amet dignissimos quisquam facilis eaque. Cumque sequi cumque eveniet et qui necessitatibus aperiam.', 'Kautzer, West and Hyatt', 29736, 17, '2003-04-05', '2023-06-11', 2, '2020-05-06 02:28:00', '2020-05-06 02:28:00'),
(12, 'Project Waste Deposit Updated', 'Project Building Water Supply Updated', 'Lanchan Mekong', 20000, 36, '2020-08-01', '2023-08-01', 4, '2020-05-06 02:28:00', '2020-05-06 09:17:43'),
(13, 'Michale Ebert', 'Tempore dolores explicabo et dolor animi qui. Sit consequatur provident repellat qui aut. Id dolorem unde labore aut quasi tempore. Qui vel quis ut aut incidunt. Sint dolorem quia earum id asperiores.', 'Bradtke-Renner', 81944, 30, '1987-05-30', '2021-07-13', 2, '2020-05-06 02:28:00', '2020-05-06 02:28:00'),
(14, 'Nadia Parisian', 'Nisi et quia soluta. Hic quae incidunt qui tenetur ab nisi autem. Facere quia et quam laborum commodi minus et.', 'Nitzsche-Nader', 61091, 56, '2009-02-14', '2024-08-12', 1, '2020-05-06 02:28:00', '2020-05-06 02:28:00'),
(16, 'Miss Kasandra Reichert', 'Veniam dignissimos ex consequuntur et dolores. Animi fugiat est porro.', 'Christiansen, Fritsch and Mann', 25805, 38, '2011-02-25', '2021-05-28', 1, '2020-05-06 02:28:00', '2020-05-06 02:28:00'),
(17, 'Lempi King', 'Facere deleniti vel cupiditate explicabo illum architecto. Ea enim ut aspernatur qui adipisci aut. Itaque aspernatur dolores dolorem quo nihil dolorem iusto.', 'Schroeder LLC', 88885, 46, '1987-09-28', '2022-02-20', 4, '2020-05-06 02:28:00', '2020-05-06 02:28:00'),
(18, 'Casandra Toy', 'Id eum ea possimus adipisci animi. Ut omnis officiis aut quo rerum. Nam ipsam sunt fugit amet.', 'Moen, Heathcote and Kuhn', 41134, 6, '1981-11-03', '2023-12-27', 1, '2020-05-06 02:28:00', '2020-05-06 02:28:00'),
(19, 'Mrs. Chanelle Prosacco Jr.', 'Quo esse iusto consequatur dolores hic nostrum rem. Pariatur consequatur qui similique maxime et. Adipisci ut est optio vitae. Et omnis qui veniam sed nemo ad voluptates.', 'Kassulke, Stiedemann and King', 13491, 39, '1972-11-22', '2022-08-17', 4, '2020-05-06 02:28:00', '2020-05-06 02:28:00'),
(20, 'Mr. Estevan Sipes', 'Magnam et voluptatem molestias. Laboriosam quod impedit voluptatem doloribus non. Esse doloribus consequatur non rerum sint voluptas. Qui maxime minima nesciunt.', 'Klocko, Ullrich and Simonis', 9349, 13, '1995-06-21', '2021-12-11', 2, '2020-05-06 02:28:00', '2020-05-06 02:28:00');

-- --------------------------------------------------------

--
-- Table structure for table `reviews`
--

CREATE TABLE `reviews` (
  `id` bigint(20) UNSIGNED NOT NULL,
  `product_id` bigint(20) UNSIGNED NOT NULL,
  `customer` varchar(191) COLLATE utf8mb4_unicode_ci NOT NULL,
  `review` text COLLATE utf8mb4_unicode_ci NOT NULL,
  `star` int(11) NOT NULL,
  `created_at` timestamp NULL DEFAULT NULL,
  `updated_at` timestamp NULL DEFAULT NULL
) ENGINE=MyISAM DEFAULT CHARSET=utf8mb4 COLLATE=utf8mb4_unicode_ci;

--
-- Dumping data for table `reviews`
--

INSERT INTO `reviews` (`id`, `product_id`, `customer`, `review`, `star`, `created_at`, `updated_at`) VALUES
(1, 44, 'Gabrielle Hansen', 'Dolores accusamus ipsum harum rem dolore. Iure omnis voluptas nulla aut nam. Quia odio totam rerum. Est impedit repudiandae voluptatibus distinctio.', 0, '2020-05-06 02:28:00', '2020-05-06 02:28:00'),
(2, 9, 'Jaeden Jast', 'Rerum quis debitis facilis iusto. Eaque quis dolorem asperiores corporis. Et voluptas ut omnis sunt.', 1, '2020-05-06 02:28:00', '2020-05-06 02:28:00'),
(3, 41, 'Lorenz Koch', 'Minus alias facilis quaerat ratione ut provident. Labore earum eius nisi quia temporibus praesentium. Sint aut accusantium vero quisquam beatae est.', 3, '2020-05-06 02:28:00', '2020-05-06 02:28:00'),
(4, 3, 'Prof. Emilio Mann', 'Fuga minus alias aspernatur. A eaque aut distinctio quisquam explicabo amet repellendus omnis. Qui voluptates molestiae non molestias molestiae.', 0, '2020-05-06 02:28:00', '2020-05-06 02:28:00'),
(5, 29, 'Prof. Thalia Shanahan I', 'Sint itaque voluptate odio sit illum sit. Ipsa magni blanditiis iste fuga provident. Deleniti et fugit perspiciatis amet. Ut non adipisci unde quis et eveniet. Facere accusantium omnis ullam aliquam.', 1, '2020-05-06 02:28:00', '2020-05-06 02:28:00'),
(6, 32, 'Prof. Kyler Ankunding', 'Architecto temporibus explicabo ducimus maiores et atque molestiae. At iste ut qui. Fugit amet molestias praesentium impedit velit inventore odit. Nesciunt ratione repudiandae eaque et recusandae consequatur est.', 5, '2020-05-06 02:28:00', '2020-05-06 02:28:00'),
(7, 48, 'Ms. Katrine Vandervort PhD', 'Qui quod earum amet ut nihil voluptates fugiat. Odio rerum sed est et amet. Molestias ut totam in. Dolore quo modi error in est. Mollitia aut dolores voluptatem qui.', 5, '2020-05-06 02:28:00', '2020-05-06 02:28:00'),
(8, 39, 'Arno Douglas', 'Dicta quia repudiandae est maiores ea reprehenderit aut. Eos earum hic et harum. Cum exercitationem qui aut accusamus.', 2, '2020-05-06 02:28:00', '2020-05-06 02:28:00'),
(9, 28, 'Ernestina Cole', 'Qui odio qui sit sint aut qui. Id et aut blanditiis laborum recusandae. Placeat nobis ut ut iste incidunt. Mollitia impedit ut veniam omnis minima minima ut enim.', 2, '2020-05-06 02:28:00', '2020-05-06 02:28:00'),
(10, 37, 'Rosario Gleichner', 'Qui voluptas dolor praesentium commodi sequi consequuntur qui. Repellendus eum et porro cum repudiandae rerum. Quia amet omnis dolorem.', 2, '2020-05-06 02:28:00', '2020-05-06 02:28:00'),
(11, 3, 'Jaylan Schaden', 'Sapiente hic amet eaque et. Accusantium ut itaque dolor sit quia.', 5, '2020-05-06 02:28:00', '2020-05-06 02:28:00'),
(12, 36, 'Willow Hessel', 'Quae voluptates dolore dolorum culpa sed et. Corrupti fuga odit error perferendis qui illum. Eius voluptate rerum rerum veniam inventore autem eveniet. Facilis in sequi provident quo consequatur omnis consequatur. Quas modi assumenda maiores mollitia pariatur.', 1, '2020-05-06 02:28:00', '2020-05-06 02:28:00'),
(13, 9, 'Michaela Koch', 'Quis nobis maxime dolores autem eos fuga voluptatem. Reprehenderit totam et et quisquam. Consequatur natus doloremque inventore sequi dolor. Repudiandae consequuntur suscipit aspernatur perspiciatis sit ut numquam.', 5, '2020-05-06 02:28:00', '2020-05-06 02:28:00'),
(14, 30, 'Junius Gleichner', 'Optio aut assumenda asperiores minima non itaque et facere. Dolor doloremque earum doloribus eos beatae. Nisi voluptas libero ut laudantium. Ullam neque aspernatur consectetur soluta et praesentium.', 3, '2020-05-06 02:28:00', '2020-05-06 02:28:00'),
(15, 6, 'Mackenzie Dickinson', 'Natus esse numquam sit doloribus. Ut sit doloribus enim id excepturi rerum perferendis. Accusamus et nesciunt voluptatum est nesciunt inventore.', 0, '2020-05-06 02:28:00', '2020-05-06 02:28:00'),
(16, 3, 'Mckayla Blanda', 'Fuga omnis occaecati doloribus rerum eos. Pariatur blanditiis omnis harum eum. Aut facere voluptas enim perferendis totam ab eius. Deleniti officia dolorem quis quis corrupti reprehenderit. Velit fuga aut sed.', 1, '2020-05-06 02:28:00', '2020-05-06 02:28:00'),
(17, 39, 'Izaiah Barton', 'Placeat voluptatem in quae accusamus necessitatibus voluptates sint est. Sunt quia qui nemo eum.', 4, '2020-05-06 02:28:00', '2020-05-06 02:28:00'),
(18, 10, 'Glenda Gulgowski', 'Iure voluptatibus id illo doloribus. Qui reprehenderit necessitatibus pariatur asperiores placeat. Ipsa necessitatibus qui quidem quos ut fugit.', 4, '2020-05-06 02:28:00', '2020-05-06 02:28:00'),
(19, 22, 'Chaya Cronin', 'Aut eaque optio nihil enim. Eius perferendis illo et placeat iste. Ut sed ex necessitatibus omnis ipsa. Id eligendi omnis vel possimus officia.', 4, '2020-05-06 02:28:00', '2020-05-06 02:28:00'),
(20, 3, 'Mrs. Cierra Stroman', 'Consequatur numquam vel vel dignissimos. Voluptates praesentium odit qui dolor. Autem voluptas corporis velit veniam alias. Modi et voluptatem velit illum qui.', 2, '2020-05-06 02:28:00', '2020-05-06 02:28:00'),
(21, 21, 'Prof. Hayley Ernser PhD', 'Eos cupiditate ut quis quo nesciunt dolores qui. Ut iusto voluptatem doloribus temporibus ut ab. Molestias eum nihil nemo iste labore dolores. Tempora iusto harum et enim placeat.', 3, '2020-05-06 02:28:00', '2020-05-06 02:28:00'),
(22, 2, 'Bette Robel DVM', 'Adipisci ea molestiae ab maxime consequatur voluptatem architecto. Magni quis voluptatem voluptatem modi necessitatibus laborum.', 0, '2020-05-06 02:28:00', '2020-05-06 02:28:00'),
(23, 37, 'Darron Pfannerstill', 'Maxime eveniet voluptatem saepe eius. Excepturi et est aperiam qui voluptatibus. Ex dolor dolorum alias molestiae dolor.', 1, '2020-05-06 02:28:00', '2020-05-06 02:28:00'),
(24, 42, 'Mrs. Chanel Schoen III', 'Incidunt nesciunt reprehenderit ipsum. Amet voluptatum quae iure quia dolor. Et omnis placeat quidem omnis et aliquid neque. Necessitatibus eos blanditiis temporibus ratione officia odio non nisi.', 0, '2020-05-06 02:28:00', '2020-05-06 02:28:00'),
(25, 10, 'Leta Crona DVM', 'Totam sint saepe numquam cumque ea aut id. Qui distinctio fugit quod.', 0, '2020-05-06 02:28:00', '2020-05-06 02:28:00'),
(26, 30, 'Ardith Champlin', 'Corporis eum enim culpa illo et expedita qui. Reprehenderit ab corporis dolores esse totam magnam. Rerum laborum ex est vitae est cumque eius.', 1, '2020-05-06 02:28:00', '2020-05-06 02:28:00'),
(27, 45, 'Prof. Natalia Marquardt', 'Minima commodi officiis officia corrupti. Natus at numquam asperiores. Reprehenderit occaecati impedit laborum aut dolores explicabo. Officia nisi qui autem veniam. Ut repellendus cupiditate quaerat ut aut.', 0, '2020-05-06 02:28:00', '2020-05-06 02:28:00'),
(28, 7, 'Jameson Okuneva Sr.', 'Commodi dolorum fugit consequatur qui. Distinctio sit hic eveniet ea consequatur quas. Ea aut aut qui est ut.', 5, '2020-05-06 02:28:00', '2020-05-06 02:28:00'),
(29, 48, 'Annabel Leffler I', 'Eaque molestiae ab minus sunt dignissimos totam magni et. Nesciunt incidunt non recusandae molestiae nam. Inventore ducimus velit perferendis.', 5, '2020-05-06 02:28:00', '2020-05-06 02:28:00'),
(30, 38, 'Laurel Orn', 'Omnis praesentium consequatur laudantium consequatur earum voluptatibus vero. Officia eaque architecto repudiandae. Voluptatem id culpa explicabo est beatae in.', 3, '2020-05-06 02:28:00', '2020-05-06 02:28:00'),
(31, 3, 'Mr. Ferne Padberg', 'Aut ut molestiae velit et. Sit velit qui expedita incidunt dolorem non quia nostrum. Molestiae nobis facilis repudiandae explicabo velit accusamus. Maxime repellat nihil eos veniam iure.', 1, '2020-05-06 02:28:00', '2020-05-06 02:28:00'),
(32, 11, 'Ana Steuber', 'Ex ut eius qui et perspiciatis. Reiciendis est rerum sit inventore sint iste nesciunt. Quod illum sit ut facere.', 4, '2020-05-06 02:28:00', '2020-05-06 02:28:00'),
(33, 27, 'Prof. Ethyl Lowe II', 'Nostrum animi et dolor rerum vitae. Quasi aut voluptatum officiis sit est. Labore sit perspiciatis rerum quod. Vitae excepturi qui rerum pariatur esse eum. Blanditiis rerum qui aut sed aliquam corrupti saepe.', 2, '2020-05-06 02:28:00', '2020-05-06 02:28:00'),
(34, 7, 'Jerel Lakin', 'Veritatis illo aspernatur eaque sit accusamus in dicta. Nam quidem aliquid doloremque ut ratione. Ipsam neque nam qui rerum.', 0, '2020-05-06 02:28:00', '2020-05-06 02:28:00'),
(35, 11, 'Prof. Malvina Wilderman', 'Suscipit dolores vel ex molestiae sed totam. Officiis magni fugiat possimus assumenda non doloremque. Aut doloribus reprehenderit molestiae pariatur error quidem.', 1, '2020-05-06 02:28:00', '2020-05-06 02:28:00'),
(36, 16, 'Amy Braun', 'Quo ut voluptatem ipsam beatae in quis expedita vel. Quod explicabo quidem temporibus hic nisi culpa et dignissimos. Quo et excepturi dolores eos laudantium. Similique error iure laboriosam quia id quae. Sapiente error odio non sed quia at.', 1, '2020-05-06 02:28:00', '2020-05-06 02:28:00'),
(37, 34, 'Mr. Chadd O\'Kon', 'Numquam aut saepe deserunt incidunt ipsam itaque minus. Non voluptates mollitia explicabo saepe. Impedit commodi et repellat qui blanditiis. Rem sit incidunt illo voluptate harum.', 5, '2020-05-06 02:28:00', '2020-05-06 02:28:00'),
(38, 2, 'Mr. Ewell Morissette Sr.', 'Totam laboriosam qui iure. Modi expedita iste exercitationem incidunt. Atque similique consequuntur et minima amet et sequi minima.', 3, '2020-05-06 02:28:00', '2020-05-06 02:28:00'),
(39, 33, 'Deven Stracke', 'Dolores nisi consequatur repudiandae ut. Voluptatem et veritatis quia nemo ut officia. Velit sint eos voluptas rerum ipsa sint.', 0, '2020-05-06 02:28:00', '2020-05-06 02:28:00'),
(40, 2, 'Ms. Melody Crooks', 'Recusandae occaecati neque pariatur maxime. Quis quod deleniti accusantium ea ipsa ea molestiae. Id et perspiciatis unde quam.', 0, '2020-05-06 02:28:00', '2020-05-06 02:28:00'),
(41, 1, 'Xander Hill', 'Earum natus veniam maiores quasi et sed soluta. Ut et sunt libero perspiciatis. Voluptatem est doloribus itaque praesentium. Et omnis delectus itaque vel. Aliquam ducimus molestiae impedit.', 0, '2020-05-06 02:28:00', '2020-05-06 02:28:00'),
(42, 30, 'Mac Veum', 'Eligendi sed magnam corrupti quae adipisci. Facilis veniam blanditiis quo omnis consectetur. Ipsum quis asperiores velit. Molestiae expedita reiciendis quis consequatur nemo. Ipsa quia in assumenda sed.', 3, '2020-05-06 02:28:00', '2020-05-06 02:28:00'),
(43, 33, 'Connie Towne', 'Ipsam aliquam doloremque vel ipsam iusto accusantium. Non totam asperiores iste non labore consequuntur illum.', 2, '2020-05-06 02:28:00', '2020-05-06 02:28:00'),
(44, 37, 'Ayla Mueller', 'Iusto aliquam dignissimos autem non id unde. Voluptatem accusamus natus ad quidem quia neque expedita. Delectus nostrum nobis nostrum ipsam. Laborum debitis numquam aut et quam.', 1, '2020-05-06 02:28:00', '2020-05-06 02:28:00'),
(45, 41, 'Madeline Homenick', 'Repellat magnam at et velit temporibus molestiae soluta. Et iure qui ab architecto exercitationem voluptas sunt. Ducimus nihil consequatur optio. Delectus alias labore aut eaque molestiae est.', 5, '2020-05-06 02:28:00', '2020-05-06 02:28:00'),
(46, 8, 'Selina Roob', 'Ut quisquam explicabo consectetur excepturi sed mollitia vel. Enim optio harum asperiores. Dolorem ipsa error est maxime vero fugit. Corrupti et veniam velit sapiente cupiditate.', 2, '2020-05-06 02:28:00', '2020-05-06 02:28:00'),
(47, 23, 'Griffin Barrows', 'In molestiae ullam et eaque quas blanditiis pariatur. Est quam aut quia fuga. Aut aut veniam eaque dolor quibusdam facere quia eum.', 2, '2020-05-06 02:28:00', '2020-05-06 02:28:00'),
(48, 19, 'Pengleang 9999', 'This is good', 1, '2020-05-06 02:28:00', '2020-05-10 03:53:04'),
(49, 22, 'Mrs. Electa Shanahan II', 'Cupiditate omnis rem eum autem placeat est. Quisquam occaecati dolorum et saepe impedit consequatur hic. Quisquam numquam aut ab.', 0, '2020-05-06 02:28:00', '2020-05-06 02:28:00'),
(50, 19, 'Andreane Lemke', 'Quia deleniti sint non aspernatur voluptatem non. Quae repellat id molestias aliquid. Accusantium quia aut explicabo facere voluptas cum.', 2, '2020-05-06 02:28:00', '2020-05-06 02:28:00'),
(51, 5, 'Miss Isobel Hagenes', 'Neque molestiae blanditiis exercitationem vel. Ut eum reiciendis rerum voluptas quaerat. Dolores excepturi in aliquid at consequatur. Dignissimos dignissimos accusamus dicta nobis.', 2, '2020-05-06 02:28:00', '2020-05-06 02:28:00'),
(52, 16, 'Tristian Lakin', 'Similique accusantium ratione est recusandae itaque. Temporibus nemo ex quis incidunt. Aut error autem enim qui est. Enim eum autem sint consequatur quae occaecati molestias corporis.', 3, '2020-05-06 02:28:00', '2020-05-06 02:28:00'),
(53, 11, 'Juana Daugherty', 'Dolores eaque eos impedit quia mollitia. Deserunt quis neque sunt voluptatem dolore consectetur aut. Totam atque similique nesciunt eos quis autem est reprehenderit. Consequuntur est modi non voluptas culpa repellendus.', 2, '2020-05-06 02:28:00', '2020-05-06 02:28:00'),
(54, 36, 'Junius Bauch', 'Maxime dignissimos ut possimus aut et. In doloribus dolor sint et ullam veritatis provident quas. Officiis similique dolor ratione quam qui totam et beatae.', 3, '2020-05-06 02:28:00', '2020-05-06 02:28:00'),
(55, 38, 'Sibyl Jacobson II', 'Fugiat consequatur debitis rerum doloremque. Perspiciatis quisquam nihil eveniet tempore impedit voluptate autem. Nobis qui sit in iste quidem. Provident dicta maiores accusantium in corporis eaque et. Voluptas aut unde ut.', 3, '2020-05-06 02:28:00', '2020-05-06 02:28:00'),
(56, 30, 'Nash Rath', 'Vero et ducimus expedita culpa. Est asperiores ea quod dolor tempore. Esse accusantium qui officiis maiores.', 3, '2020-05-06 02:28:00', '2020-05-06 02:28:00'),
(57, 8, 'Kitty Boyle III', 'Amet molestias voluptatem maiores libero. Adipisci blanditiis quia est nobis. Sit velit id maiores laboriosam quos quibusdam minima.', 5, '2020-05-06 02:28:00', '2020-05-06 02:28:00'),
(58, 50, 'Alberta Stamm IV', 'Dolore dolorem libero aut ad corrupti. Ut corrupti ducimus dolorem qui officia aliquid. Rerum autem in animi voluptates.', 1, '2020-05-06 02:28:00', '2020-05-06 02:28:00'),
(59, 43, 'Ottis Miller', 'Rerum dignissimos qui doloribus vel at. Consequatur omnis itaque porro. Et tempore voluptates non et repellat ullam blanditiis.', 0, '2020-05-06 02:28:00', '2020-05-06 02:28:00'),
(60, 12, 'Dr. Marianne Auer', 'Debitis quibusdam voluptas est quidem. Sint et id ut dicta. Vitae saepe aspernatur et harum est repellendus.', 1, '2020-05-06 02:28:00', '2020-05-06 02:28:00'),
(61, 8, 'Laila Dooley', 'Rerum cupiditate harum modi voluptate voluptas quis. Repellat excepturi accusamus ullam corporis quis libero quia velit. Culpa a necessitatibus sit aliquid modi veritatis. Praesentium voluptatem eos culpa autem quam.', 5, '2020-05-06 02:28:00', '2020-05-06 02:28:00'),
(62, 1, 'Solon Rau', 'Ad quisquam non occaecati voluptatem dolorem eos qui quia. Sunt veniam odit occaecati maxime. Blanditiis dolor possimus repellendus asperiores.', 2, '2020-05-06 02:28:00', '2020-05-06 02:28:00'),
(63, 15, 'Yoshiko O\'Kon', 'Reprehenderit sint nihil molestiae rerum ea. Iusto reprehenderit unde blanditiis labore enim. Voluptatum atque recusandae facere quas excepturi sed.', 5, '2020-05-06 02:28:00', '2020-05-06 02:28:00'),
(64, 5, 'Dillon Zieme', 'Animi nam consequatur dolorem voluptatum et. Delectus quia unde dolorem dolorem hic. Cupiditate suscipit blanditiis quidem repudiandae quia dicta debitis.', 2, '2020-05-06 02:28:00', '2020-05-06 02:28:00'),
(65, 34, 'Cayla Pollich MD', 'Debitis libero eos adipisci nisi. Quae dolorum aut non voluptate dolor ut et. Qui ipsum eveniet incidunt. Temporibus eos nulla est impedit ratione cum.', 5, '2020-05-06 02:28:00', '2020-05-06 02:28:00'),
(66, 7, 'Samanta Lakin', 'Fugit magnam quasi ex quia doloribus. Sed et repellendus architecto alias. Enim ab dolorem velit.', 3, '2020-05-06 02:28:00', '2020-05-06 02:28:00'),
(67, 26, 'Ms. Amalia McClure', 'Voluptate dignissimos et adipisci. Facilis aut mollitia sunt est repellat. Nesciunt vel sequi aut ut debitis. Aut quas vel eligendi non saepe quia necessitatibus.', 1, '2020-05-06 02:28:00', '2020-05-06 02:28:00'),
(68, 7, 'Beth McKenzie', 'Tenetur dolor molestias unde. Nulla fugiat recusandae voluptatibus rerum quia. Doloremque eveniet debitis corporis provident rerum. Accusamus et at sint atque maxime est.', 3, '2020-05-06 02:28:00', '2020-05-06 02:28:00'),
(69, 3, 'Miss Charlene Shields PhD', 'Reiciendis deleniti similique soluta repudiandae. Quia qui sunt numquam fuga. Ipsam odio est et et vitae corporis. Distinctio itaque qui molestiae aut tenetur.', 0, '2020-05-06 02:28:00', '2020-05-06 02:28:00'),
(70, 48, 'Mr. Brown Harvey Jr.', 'Et animi est dolor sit est enim. Est odit quibusdam labore labore repellendus. Perspiciatis labore in pariatur recusandae. Exercitationem doloribus illum qui harum laboriosam accusamus nisi. Porro dolores sed qui et voluptatem non ipsum.', 2, '2020-05-06 02:28:00', '2020-05-06 02:28:00'),
(71, 12, 'Davonte Bosco', 'Qui perferendis in voluptas eligendi. Omnis id aliquam et et. Quo inventore cumque et et dolore beatae. Qui quis distinctio repellat laudantium nesciunt quo rerum.', 2, '2020-05-06 02:28:00', '2020-05-06 02:28:00'),
(72, 32, 'Alexane Muller PhD', 'Mollitia quidem et beatae sequi. Et velit autem deserunt fugiat. Et facere consequatur accusamus expedita ea doloremque molestiae.', 3, '2020-05-06 02:28:00', '2020-05-06 02:28:00'),
(73, 16, 'Leila Legros', 'Totam ut eveniet et voluptatem. Numquam tempora occaecati quas reiciendis rerum. Nesciunt eos nobis corporis nam vel totam. Modi sed similique nobis tempore et. Qui numquam illum sit voluptatem architecto nam incidunt.', 4, '2020-05-06 02:28:00', '2020-05-06 02:28:00'),
(74, 11, 'Mrs. Charity Reynolds', 'Impedit quo consequatur accusamus numquam. Ab ratione maiores modi minus non ipsam similique cum.', 3, '2020-05-06 02:28:00', '2020-05-06 02:28:00'),
(75, 5, 'Anahi Armstrong', 'Voluptates ex praesentium consectetur sunt et similique voluptatem. Laboriosam consequuntur omnis sit. Delectus commodi totam mollitia est maiores rem impedit. Illo necessitatibus qui autem eos maiores omnis aut tenetur.', 4, '2020-05-06 02:28:00', '2020-05-06 02:28:00'),
(76, 24, 'Tyree Crooks', 'Autem autem similique voluptatem voluptates eveniet ea. Consequatur et est atque. Neque eaque qui quas at aut. Similique fugit officia ex.', 5, '2020-05-06 02:28:00', '2020-05-06 02:28:00'),
(77, 7, 'Jaiden Welch DDS', 'Deleniti molestias impedit aut nemo molestiae voluptate. Et quia et delectus. Quidem sunt quia totam aliquid aut quisquam blanditiis assumenda. Delectus rem eum saepe quae ea sit.', 2, '2020-05-06 02:28:00', '2020-05-06 02:28:00'),
(78, 30, 'Cristobal Green', 'Aut sint nulla eligendi quam fugit omnis. Placeat voluptas dicta illum labore. Vel amet iusto vitae.', 0, '2020-05-06 02:28:00', '2020-05-06 02:28:00'),
(79, 28, 'Mr. Lew Sanford Jr.', 'Reprehenderit impedit et amet deleniti a optio. Possimus soluta cupiditate qui quo et et.', 4, '2020-05-06 02:28:00', '2020-05-06 02:28:00'),
(80, 18, 'Hester Fisher', 'Omnis deleniti in excepturi rerum earum est libero velit. Dolor facere eligendi dolorem ratione voluptas consectetur ipsa. Necessitatibus qui iusto voluptatem sunt fugiat similique.', 1, '2020-05-06 02:28:00', '2020-05-06 02:28:00'),
(81, 9, 'Dr. Dena Kovacek', 'Ut est cum hic vitae. Fugiat quis sapiente quos magnam voluptatem aut accusantium.', 0, '2020-05-06 02:28:00', '2020-05-06 02:28:00'),
(82, 30, 'Mr. Haleigh Keeling', 'Sit iure est et ea earum eos. Itaque labore asperiores omnis tenetur. Autem in ullam alias.', 3, '2020-05-06 02:28:00', '2020-05-06 02:28:00'),
(83, 19, 'Lesley Murphy', 'Libero facilis omnis velit. Qui aut placeat nemo rerum quia doloremque blanditiis. Culpa molestias modi excepturi repellat nihil. Ut doloremque voluptatem eum aut.', 5, '2020-05-06 02:28:00', '2020-05-06 02:28:00'),
(84, 23, 'Lambert Hilpert', 'Non perferendis repellat saepe cum quas blanditiis non. Dicta ad dolores omnis perferendis. Minus odit odit tempore mollitia dolores.', 5, '2020-05-06 02:28:00', '2020-05-06 02:28:00'),
(85, 30, 'Lola Spinka MD', 'Commodi aut ut iste aliquid provident. Ea qui minima accusamus. Aliquam et dolor vitae dolores ducimus dolorem autem.', 4, '2020-05-06 02:28:00', '2020-05-06 02:28:00'),
(86, 10, 'Allison Heaney', 'Itaque quidem ut totam nisi voluptatem voluptatem beatae. Soluta perspiciatis non voluptatem asperiores illum voluptatem velit. Ex sit in quos possimus labore commodi nesciunt. Et repudiandae qui sapiente mollitia autem ut.', 3, '2020-05-06 02:28:00', '2020-05-06 02:28:00'),
(87, 44, 'Elfrieda Hettinger Sr.', 'Ut ut voluptatem saepe quisquam aut. Ut et sit quaerat. Dolore officia delectus ea voluptatem deserunt ut minima mollitia.', 4, '2020-05-06 02:28:00', '2020-05-06 02:28:00'),
(88, 18, 'Grayce Kshlerin', 'Unde tenetur possimus iste ut facilis doloremque. Sed qui corporis numquam ullam et magni reiciendis inventore. Quae eius doloribus fugit eveniet.', 4, '2020-05-06 02:28:00', '2020-05-06 02:28:00'),
(89, 27, 'Cheyenne Breitenberg DDS', 'Expedita et qui laboriosam ut ex omnis veniam quos. Rem repellat nobis ut. Quisquam ad omnis numquam sit repellat eligendi. Quidem laboriosam suscipit rerum quae ut laudantium quia.', 3, '2020-05-06 02:28:00', '2020-05-06 02:28:00'),
(90, 14, 'Lydia Kohler', 'Accusantium quam magni sed mollitia qui et. Et aliquid asperiores ea quos. Sunt ea quod in ratione eum.', 2, '2020-05-06 02:28:00', '2020-05-06 02:28:00'),
(91, 33, 'Dr. Wilbert Stroman', 'Sint commodi quo error quos rem. Molestias laboriosam eos fugit iste. Autem inventore commodi qui pariatur rerum vitae velit. Repellat est et laborum omnis quia quaerat alias.', 3, '2020-05-06 02:28:00', '2020-05-06 02:28:00'),
(92, 14, 'Harley Bayer', 'Veniam voluptatem et doloribus dignissimos natus. Iure inventore nihil ipsa ipsa.', 2, '2020-05-06 02:28:00', '2020-05-06 02:28:00'),
(93, 35, 'Cordia Harvey', 'Facere veritatis repellat officiis officiis est nam. Totam sed velit eveniet sint incidunt maxime sunt sit. Nemo quia beatae odit autem vero.', 0, '2020-05-06 02:28:00', '2020-05-06 02:28:00'),
(94, 10, 'Dr. Kale Collins III', 'Quod ut autem impedit qui. Id perspiciatis veritatis sunt non ut placeat. Eum similique nesciunt ut.', 0, '2020-05-06 02:28:00', '2020-05-06 02:28:00'),
(95, 11, 'Aniya Lemke', 'Minima ut tempore nobis ab suscipit dolorum consequatur sit. Unde aut ratione nemo voluptates accusantium minima ut. Quisquam qui cumque aut atque provident tempore.', 1, '2020-05-06 02:28:00', '2020-05-06 02:28:00'),
(96, 36, 'Laurine Predovic Jr.', 'Iure qui et sit explicabo commodi aut. Aut facilis voluptatem accusamus corporis. Debitis dolores harum sint consequatur temporibus excepturi quas.', 0, '2020-05-06 02:28:00', '2020-05-06 02:28:00'),
(97, 7, 'Ms. Dina Casper', 'In id ut impedit assumenda nulla voluptatibus placeat. Inventore in consequatur aut optio cumque. Temporibus quis velit nostrum hic sit.', 0, '2020-05-06 02:28:00', '2020-05-06 02:28:00'),
(98, 2, 'Madalyn Paucek', 'Et laudantium aut enim dolores dolores quasi ipsum. Asperiores iusto in rerum fugiat voluptas culpa. Et sed beatae voluptatibus harum id dignissimos.', 3, '2020-05-06 02:28:00', '2020-05-06 02:28:00'),
(99, 44, 'Garth Fritsch Jr.', 'Sint laborum alias placeat ut nihil maiores occaecati. Sit ea numquam magnam enim quia voluptatum sed. Aut eum minima totam placeat ratione iste.', 5, '2020-05-06 02:28:00', '2020-05-06 02:28:00'),
(100, 15, 'Jane Krajcik', 'Iusto voluptas est adipisci molestiae ut adipisci qui. Adipisci in ut a ut aut nihil accusamus culpa.', 5, '2020-05-06 02:28:00', '2020-05-06 02:28:00'),
(101, 19, 'Ella Wilkinson', 'Perferendis aspernatur molestiae dignissimos hic eum error. Eveniet enim voluptatum sed aut reprehenderit. Totam itaque dignissimos omnis ea alias aut corporis et.', 2, '2020-05-06 02:28:00', '2020-05-06 02:28:00'),
(102, 43, 'Norris Hermann', 'Ullam ratione consequatur sunt cum dolor. Dolor voluptates et rem voluptatem rerum sit nulla voluptatibus. Quis aliquid quae aspernatur esse enim.', 2, '2020-05-06 02:28:00', '2020-05-06 02:28:00'),
(103, 27, 'Prof. Modesta Ondricka DDS', 'Alias cupiditate veniam esse ad. Iusto rerum id quidem reprehenderit quia inventore. Et et perferendis eum aut voluptatum.', 5, '2020-05-06 02:28:00', '2020-05-06 02:28:00'),
(104, 12, 'Alberta Koepp Jr.', 'Corporis cum deleniti aut tempora quo eum tenetur nesciunt. Culpa enim occaecati vitae est nostrum nisi. Nisi voluptas at fugit aperiam doloribus. Maiores et sit facere harum natus voluptatem nihil.', 1, '2020-05-06 02:28:00', '2020-05-06 02:28:00'),
(105, 43, 'Eleanore Goyette', 'Voluptatem id possimus ipsam ad. Ducimus doloribus modi voluptatem blanditiis tempora velit sit est. Tempora est et doloribus praesentium. Officia necessitatibus tenetur vel temporibus mollitia pariatur.', 4, '2020-05-06 02:28:00', '2020-05-06 02:28:00'),
(106, 10, 'Ms. Marta Robel', 'Ab omnis consequuntur optio saepe. Aut ea saepe natus sed.', 5, '2020-05-06 02:28:00', '2020-05-06 02:28:00'),
(107, 6, 'Georgette Reilly', 'Dolor doloremque non accusamus vel. Provident nesciunt et facere temporibus mollitia enim earum. Tempora tempora nihil ut asperiores ex facilis. Deserunt quisquam cupiditate deleniti dolore.', 1, '2020-05-06 02:28:00', '2020-05-06 02:28:00'),
(108, 31, 'Eloisa Quigley', 'Id molestiae beatae qui. Ab similique laudantium enim vitae. Ipsa expedita vel ut nesciunt ipsam molestiae.', 2, '2020-05-06 02:28:00', '2020-05-06 02:28:00'),
(109, 25, 'Elwyn Mertz Jr.', 'Maxime saepe dicta cumque commodi. Aliquam non ducimus pariatur. Sed vero nobis beatae et quo enim rerum. Sunt et eligendi ad architecto sed porro consequuntur.', 0, '2020-05-06 02:28:00', '2020-05-06 02:28:00'),
(110, 43, 'Ms. Elsa Terry MD', 'Consequatur tenetur est nesciunt. A fugiat ad nam sed nihil ipsa sint. Officia qui asperiores nesciunt aut. Aperiam reprehenderit eum possimus.', 1, '2020-05-06 02:28:00', '2020-05-06 02:28:00'),
(111, 13, 'Shawna Heathcote', 'Cupiditate eius excepturi eligendi dicta repudiandae tempore modi. Quis perspiciatis veritatis mollitia dolorem accusamus. Pariatur consequatur impedit minus molestiae perspiciatis asperiores.', 0, '2020-05-06 02:28:00', '2020-05-06 02:28:00'),
(112, 23, 'Breanna Willms', 'Sit impedit voluptatem delectus dicta omnis quas. Illum corporis provident iure rerum eum quis et est. Voluptatibus numquam nostrum tenetur quae velit. Qui aliquid exercitationem tenetur facilis laboriosam eligendi.', 1, '2020-05-06 02:28:00', '2020-05-06 02:28:00'),
(113, 19, 'Dr. Nicholaus Parker DDS', 'Sint distinctio dolorem accusantium. Facilis ipsum omnis explicabo nihil commodi. Itaque commodi culpa aut beatae voluptas. In pariatur facilis nihil fugiat velit.', 0, '2020-05-06 02:28:00', '2020-05-06 02:28:00'),
(114, 6, 'Vernice Harris', 'Est mollitia repellendus architecto velit fuga culpa. Qui eum mollitia nihil quas nisi voluptatem accusantium fuga. Deleniti voluptate voluptate recusandae minima dolorem at itaque.', 5, '2020-05-06 02:28:00', '2020-05-06 02:28:00'),
(115, 29, 'Beth Bayer', 'Officia iste inventore laboriosam est possimus iure. Placeat cupiditate et incidunt quam. Nihil amet nisi voluptates quis aspernatur ut quas.', 5, '2020-05-06 02:28:00', '2020-05-06 02:28:00'),
(116, 11, 'Golda Smitham III', 'Voluptatem velit dolores ipsa laborum vero ullam odit. Nisi qui reprehenderit voluptatem. Facere voluptatem ipsum quisquam perspiciatis qui ut autem voluptatibus. Quia facere quasi quidem quam odit consectetur.', 2, '2020-05-06 02:28:00', '2020-05-06 02:28:00'),
(117, 33, 'Dashawn Hoeger', 'Voluptatem consectetur dolor rem nisi praesentium quis. Repellendus doloremque nesciunt optio beatae quas. Iusto eos pariatur architecto sequi ut officia at.', 1, '2020-05-06 02:28:00', '2020-05-06 02:28:00'),
(118, 49, 'Jaime Koelpin', 'Numquam dolores magnam autem expedita aliquam. Aut quae soluta minus. Pariatur voluptas occaecati tenetur quam dolor facere corporis. Quis et ut et impedit incidunt.', 4, '2020-05-06 02:28:00', '2020-05-06 02:28:00'),
(119, 19, 'Verona Okuneva', 'Impedit eveniet dolor illo officia cupiditate soluta. Facilis laudantium est nihil odit quo quis quia consequatur. Aspernatur rerum libero dolores minus corporis. Et ullam aliquid laborum molestiae rerum ea provident aut.', 3, '2020-05-06 02:28:00', '2020-05-06 02:28:00'),
(120, 37, 'Candido Feeney', 'Aut commodi commodi aut alias sint fugit. Nostrum inventore dolorum omnis esse quisquam et dignissimos ab. Eum tempore sint cumque expedita temporibus. Ut in consequatur debitis aut.', 5, '2020-05-06 02:28:00', '2020-05-06 02:28:00'),
(121, 9, 'Dr. Watson Feeney', 'Mollitia beatae provident molestias consequuntur. Vel blanditiis rerum autem nihil perspiciatis temporibus vitae adipisci. Consequuntur iusto culpa nobis. Ducimus non est incidunt.', 4, '2020-05-06 02:28:00', '2020-05-06 02:28:00'),
(122, 38, 'Geovanni Ebert', 'Reiciendis quod optio nisi molestias. Facere quas enim neque dignissimos sint. Est at debitis dolor est.', 3, '2020-05-06 02:28:00', '2020-05-06 02:28:00'),
(123, 31, 'Dr. Verdie Koelpin', 'Suscipit esse ut quis. Voluptatem voluptas quia ipsum iusto. Asperiores adipisci doloremque omnis non.', 1, '2020-05-06 02:28:00', '2020-05-06 02:28:00'),
(124, 4, 'Dr. Serena Cole', 'Voluptatem dicta minima nemo soluta temporibus voluptas. Voluptatum quia a repellat sed. Sed et exercitationem fugit ipsam quia dolorem reiciendis. Accusamus ut maxime non quisquam eum.', 2, '2020-05-06 02:28:00', '2020-05-06 02:28:00'),
(125, 10, 'Morton Huels', 'Aperiam iusto porro eos repellat facilis. Sed vel est autem est ducimus ut dolores. Ipsum placeat modi aut. Tempore quam ut mollitia dolorem.', 5, '2020-05-06 02:28:00', '2020-05-06 02:28:00'),
(126, 48, 'Dr. Ewald Runolfsdottir', 'Quo quis quis eius ex vel facere dolorem dolorem. Dolores unde voluptatem excepturi earum officiis aperiam quisquam.', 5, '2020-05-06 02:28:00', '2020-05-06 02:28:00'),
(127, 9, 'Hipolito Halvorson', 'Possimus deserunt et similique velit consectetur aut officia. Alias quis voluptas pariatur laborum reprehenderit rerum dolorem doloribus. Excepturi eos distinctio illum voluptate voluptatibus. Sed voluptates consequatur quam quo ut officia est. Ut quae nihil eos voluptates neque vero possimus.', 3, '2020-05-06 02:28:00', '2020-05-06 02:28:00'),
(128, 9, 'Autumn Pollich', 'Libero amet est praesentium tempora et aliquid. Sint natus facilis voluptatem incidunt iure voluptatem quos. Animi ipsum exercitationem ipsum voluptatibus officia sed.', 5, '2020-05-06 02:28:00', '2020-05-06 02:28:00'),
(129, 10, 'Moses Hintz', 'Quis labore blanditiis cum. Id iste vel voluptates non aspernatur. Ut et quis molestiae. In dignissimos ut est aut ut nesciunt praesentium. Qui quis consequatur ducimus rerum earum assumenda cupiditate.', 4, '2020-05-06 02:28:00', '2020-05-06 02:28:00'),
(130, 31, 'Delia Ward', 'Quisquam ea voluptatum dolorem nemo. In repellendus voluptas at vel ex itaque doloribus qui. Consequuntur voluptas error dolores eos ullam dolore.', 5, '2020-05-06 02:28:00', '2020-05-06 02:28:00'),
(131, 5, 'Miss Shanelle Thompson', 'Sit vel autem autem rerum sequi exercitationem. Error voluptates temporibus quia eveniet possimus. Illo voluptas magnam vel consequatur.', 2, '2020-05-06 02:28:00', '2020-05-06 02:28:00'),
(132, 11, 'Bethany Streich I', 'Perferendis occaecati quam eius et molestiae accusamus. Reiciendis eum fuga reiciendis consectetur voluptate. Et voluptas dolorem fugiat ipsam sit nostrum.', 2, '2020-05-06 02:28:00', '2020-05-06 02:28:00'),
(133, 13, 'Ana Ebert I', 'Laboriosam ullam reprehenderit officia dolore est. Eos est architecto aliquam sunt cum consequatur quaerat velit.', 1, '2020-05-06 02:28:00', '2020-05-06 02:28:00'),
(134, 32, 'Uriah Breitenberg', 'Odit quia sequi cupiditate et eum totam. Aut et eveniet nulla quas voluptatibus. Sed eaque vel praesentium distinctio. Reiciendis qui aut itaque sint sed at atque.', 5, '2020-05-06 02:28:00', '2020-05-06 02:28:00'),
(135, 17, 'Sage Wiza', 'Aut non eum occaecati sint dignissimos. Non enim eum enim repellendus repellat ducimus tenetur et. Modi sint laborum alias iure. Ea laudantium cumque maxime non.', 0, '2020-05-06 02:28:00', '2020-05-06 02:28:00'),
(136, 34, 'Ronaldo Altenwerth I', 'Dolorem cumque hic incidunt et. Ratione corrupti doloribus minima sequi qui inventore laboriosam incidunt. Sint voluptatem veniam nihil natus distinctio.', 4, '2020-05-06 02:28:00', '2020-05-06 02:28:00'),
(137, 20, 'Claudie McLaughlin', 'Eveniet ipsum accusantium vero et aperiam quas ea. Eaque quidem placeat iure est ut enim. Ut voluptate magnam modi totam et.', 3, '2020-05-06 02:28:00', '2020-05-06 02:28:00'),
(138, 21, 'Kacey Wiza', 'Iusto facere molestias enim facere. Maiores totam et sequi aut et omnis. Voluptates quia repellat at aut. Voluptas et nulla ipsum quo aut totam et.', 1, '2020-05-06 02:28:00', '2020-05-06 02:28:00'),
(139, 35, 'Domingo Bergstrom', 'Ea incidunt quae quia distinctio quaerat necessitatibus. Ipsum et delectus iure inventore dignissimos. Libero repudiandae qui harum. Placeat quas totam totam cupiditate iusto.', 3, '2020-05-06 02:28:00', '2020-05-06 02:28:00'),
(140, 2, 'Javonte Dietrich', 'Vel quia eos et voluptas et cum. Nihil et dolor reiciendis ratione atque delectus. Est omnis consequatur vel eos. Distinctio veritatis nihil placeat minus doloribus.', 4, '2020-05-06 02:28:00', '2020-05-06 02:28:00'),
(141, 3, 'Ms. Enola Kautzer MD', 'Nesciunt amet in alias eligendi dolorum omnis ut. Voluptas quo qui atque assumenda qui aut. At enim sit aperiam et.', 2, '2020-05-06 02:28:00', '2020-05-06 02:28:00'),
(142, 18, 'Dr. Abbey Schroeder IV', 'Corrupti aut earum cum sed sed nam. Ut beatae porro rerum. Atque suscipit et dolorum. Natus rerum et dolorum eum omnis eum et et.', 4, '2020-05-06 02:28:00', '2020-05-06 02:28:00'),
(143, 26, 'Gardner Von', 'Dolorum odio dolorum numquam rerum. Ipsam laborum distinctio quidem aut autem unde. Enim voluptatem excepturi autem magni ut nihil. Corporis deserunt ea amet laboriosam recusandae.', 3, '2020-05-06 02:28:00', '2020-05-06 02:28:00'),
(144, 39, 'Bill Sanford', 'Et ab dicta corporis quae. Enim quibusdam doloribus ab cumque sit nobis et. Minus eligendi et molestias quam ut. Rem sed ullam occaecati laboriosam et excepturi.', 4, '2020-05-06 02:28:00', '2020-05-06 02:28:00'),
(145, 25, 'Dr. Ricardo Grimes', 'Vero vero sequi praesentium magni qui repudiandae. Quia laudantium sapiente excepturi qui quaerat expedita officia. Maiores eaque tempora quis itaque deserunt labore qui explicabo.', 5, '2020-05-06 02:28:00', '2020-05-06 02:28:00'),
(146, 19, 'Mrs. Adriana Bechtelar', 'Voluptatum quo et sit consequatur omnis autem molestiae. Quae magni amet quas dolor autem sequi. Voluptatum et doloribus ab ut.', 5, '2020-05-06 02:28:00', '2020-05-06 02:28:00'),
(147, 20, 'Mrs. Natasha Zemlak', 'Eveniet similique accusantium qui est ab. Sed voluptatem soluta ducimus assumenda debitis et vero. Nobis asperiores sed voluptas atque dolore dolorum blanditiis.', 3, '2020-05-06 02:28:00', '2020-05-06 02:28:00'),
(148, 8, 'Heather Gleason', 'Maxime quisquam facilis eveniet numquam et. Quis non et eligendi molestiae. Numquam sed autem et qui soluta ut. Eveniet non et et dolores explicabo et excepturi.', 0, '2020-05-06 02:28:00', '2020-05-06 02:28:00'),
(149, 40, 'Hilda Schmitt', 'Sint quia dolore omnis quibusdam. Aut omnis culpa ut dolor perferendis reiciendis. Molestiae accusantium ea reprehenderit ut aut quia assumenda sit.', 0, '2020-05-06 02:28:00', '2020-05-06 02:28:00'),
(150, 17, 'Unique Fahey', 'At veniam ducimus excepturi voluptas similique esse. Fugiat molestiae natus explicabo neque dolorem mollitia. Dolor est fugiat illo ipsam suscipit eos.', 2, '2020-05-06 02:28:00', '2020-05-06 02:28:00'),
(151, 16, 'Ms. Crystal Pfeffer PhD', 'Officia culpa et ut voluptas facilis delectus temporibus. Earum sunt commodi aut. Ipsum est provident voluptatem voluptatem saepe. Sit doloribus quibusdam fugiat sit cupiditate voluptatem ut.', 1, '2020-05-06 02:28:00', '2020-05-06 02:28:00'),
(152, 5, 'Mrs. Maiya Morar', 'Voluptatem quidem nesciunt distinctio sit incidunt aspernatur non. Est unde sed nisi rerum natus. Repellendus debitis adipisci corrupti reiciendis explicabo.', 4, '2020-05-06 02:28:00', '2020-05-06 02:28:00'),
(153, 1, 'Santos Ritchie', 'Expedita laudantium consequatur qui. Consequatur quia expedita voluptas maiores ipsam ut accusamus. Nam magni autem velit nihil.', 2, '2020-05-06 02:28:00', '2020-05-06 02:28:00'),
(154, 18, 'Olga Weissnat Jr.', 'Alias repellendus quia quasi esse. Aperiam quia et voluptatibus architecto. Tenetur dolore repudiandae dolores nisi. Harum pariatur soluta enim non.', 0, '2020-05-06 02:28:00', '2020-05-06 02:28:00'),
(155, 11, 'Prof. Oswaldo Mraz III', 'Ullam blanditiis voluptate et delectus beatae vitae qui necessitatibus. Ad voluptates sed consequatur magnam. Quis quisquam nihil dolore dignissimos. Doloribus quidem officia placeat. Odio voluptatem voluptatem consequatur porro.', 3, '2020-05-06 02:28:00', '2020-05-06 02:28:00'),
(156, 13, 'Celine O\'Connell', 'Autem voluptatem exercitationem tenetur possimus. Recusandae exercitationem velit itaque consequuntur corrupti in totam. Sunt modi consequatur rerum corrupti voluptatem. Et dolorem vitae explicabo omnis.', 1, '2020-05-06 02:28:00', '2020-05-06 02:28:00'),
(157, 21, 'Prof. Savanah Harvey', 'Libero rerum et velit tempore natus. Quis sit sed eligendi natus atque quia in. Occaecati est earum est. Voluptas placeat qui at voluptas similique.', 2, '2020-05-06 02:28:00', '2020-05-06 02:28:00'),
(158, 30, 'Virginie Mann', 'Atque quia occaecati ut voluptate nostrum adipisci nisi. Delectus ipsum voluptatem dolor doloribus. Velit dolores quis odio rerum laudantium nihil. Et expedita nihil et ut.', 1, '2020-05-06 02:28:00', '2020-05-06 02:28:00'),
(159, 43, 'Renee Ferry', 'Officiis qui ex reprehenderit. Ipsa molestiae et in quasi tempore odio. Quisquam repellat ut fugiat praesentium modi. Hic sint tempora dolor hic veritatis.', 3, '2020-05-06 02:28:00', '2020-05-06 02:28:00'),
(160, 19, 'Letha Zboncak DVM', 'Necessitatibus ea maiores quia velit. Aperiam qui cum perspiciatis beatae iure et autem nesciunt. Perspiciatis qui et autem voluptates odio. Aut quaerat ut velit nostrum magni nobis. Incidunt voluptatem molestiae ut aspernatur in laudantium amet.', 2, '2020-05-06 02:28:00', '2020-05-06 02:28:00'),
(161, 36, 'Clifton VonRueden', 'Accusamus reiciendis voluptas quo velit. Laudantium minima et enim ut commodi enim ut. Natus aliquam ut nam praesentium. Voluptates nihil vel et a quaerat.', 4, '2020-05-06 02:28:00', '2020-05-06 02:28:00'),
(162, 34, 'Prof. Carlotta Balistreri', 'Reiciendis sed repellendus quia minima. Dolorem amet odio perferendis neque. Inventore quis atque debitis molestiae perferendis. Magni voluptatum repudiandae repudiandae error.', 2, '2020-05-06 02:28:00', '2020-05-06 02:28:00'),
(163, 43, 'Ms. Luella Walsh', 'Est dolorum et consectetur maxime. Qui facere adipisci nihil ut reiciendis quo. Et placeat eaque eos fuga.', 0, '2020-05-06 02:28:00', '2020-05-06 02:28:00'),
(164, 44, 'Zoila Carter', 'Autem qui et molestiae vel velit. Pariatur corrupti vitae quia aperiam incidunt autem. Animi ea vero recusandae omnis iusto qui. Cumque aliquid fuga a quam.', 4, '2020-05-06 02:28:00', '2020-05-06 02:28:00'),
(165, 29, 'Ms. Ardella Littel I', 'Id tempore omnis laudantium molestias non dolore et. Ducimus nostrum vitae asperiores fuga aperiam. Numquam distinctio similique amet eos sit.', 4, '2020-05-06 02:28:00', '2020-05-06 02:28:00'),
(166, 13, 'Ezra Schuppe', 'Aut placeat eligendi deserunt voluptas officiis. Quod voluptates distinctio iste adipisci natus neque. Vero laboriosam et nemo ipsam dolores sint similique.', 0, '2020-05-06 02:28:00', '2020-05-06 02:28:00'),
(167, 23, 'Carmelo Keebler', 'Laborum officiis rem quas nostrum perferendis modi nostrum. Voluptates voluptatem voluptatum voluptas adipisci et neque voluptatum. Sed doloremque libero et eos optio fuga. Corporis quis sed fuga ipsam cum voluptatum.', 4, '2020-05-06 02:28:00', '2020-05-06 02:28:00'),
(168, 12, 'Leslie Prohaska', 'Adipisci facere suscipit dolorem officiis facilis et. Fugiat voluptatibus doloremque adipisci aliquid maiores. Repudiandae ab ad quae modi.', 1, '2020-05-06 02:28:00', '2020-05-06 02:28:00'),
(169, 15, 'Ryley Mante', 'Quisquam non dolorem inventore et maiores numquam. Dolor sint dolor omnis optio. Voluptates quasi iste dolorem fuga earum.', 1, '2020-05-06 02:28:00', '2020-05-06 02:28:00'),
(170, 18, 'Mr. Casey Botsford', 'Nobis sed sed nisi sunt vero et quia. Officia voluptatem enim quia eum nobis optio necessitatibus. Facere eius praesentium omnis id sit iure.', 3, '2020-05-06 02:28:00', '2020-05-06 02:28:00'),
(171, 48, 'Prof. Jerome Nader', 'Consequatur quibusdam consectetur numquam sunt est quo perferendis. Omnis velit voluptatum consequatur doloremque eos. Quisquam sunt ducimus ipsum est. Et sit commodi voluptatem eligendi qui eum. Ut et pariatur enim perferendis consequatur.', 2, '2020-05-06 02:28:00', '2020-05-06 02:28:00'),
(172, 42, 'Mrs. Adrienne Blick Sr.', 'Qui aperiam omnis ut quos est laborum. Et voluptatibus nihil nesciunt dolor fuga. Omnis omnis reprehenderit rerum tempore voluptas possimus nulla.', 5, '2020-05-06 02:28:00', '2020-05-06 02:28:00'),
(173, 48, 'Kirk Leuschke', 'Laudantium nam vitae maiores necessitatibus quis consequatur veniam. Autem expedita ullam consequatur assumenda aut. Cum asperiores sed perferendis blanditiis dicta ipsam neque.', 1, '2020-05-06 02:28:00', '2020-05-06 02:28:00'),
(174, 9, 'Prof. Franco Turcotte V', 'Impedit inventore tempore qui ipsum illo aut explicabo. Sint officiis quia et aut dolores unde sit est. Laboriosam omnis vitae dolorem est quos pariatur.', 4, '2020-05-06 02:28:00', '2020-05-06 02:28:00'),
(175, 26, 'Mr. Ubaldo Bernier', 'Vel possimus aut debitis voluptatem non. Suscipit aut pariatur praesentium fugiat qui ea qui. Pariatur optio porro qui autem quia. Amet perspiciatis saepe error reiciendis tenetur saepe amet.', 2, '2020-05-06 02:28:00', '2020-05-06 02:28:00'),
(176, 40, 'Mrs. Lilyan Effertz IV', 'Deserunt dolorum a sequi aliquam blanditiis. A magni aliquam aut cupiditate. Eum odit velit soluta id animi dolore.', 4, '2020-05-06 02:28:00', '2020-05-06 02:28:00'),
(177, 50, 'Mr. Jerrell Gutkowski Sr.', 'Molestiae temporibus eligendi eos officiis et ipsum. Aut eum et vel atque aut possimus qui aspernatur. Sequi ut nesciunt et id nostrum fugit voluptate. Culpa necessitatibus non harum vitae id quo sint. Vitae repudiandae quia reprehenderit recusandae.', 1, '2020-05-06 02:28:00', '2020-05-06 02:28:00'),
(178, 47, 'Lacey Osinski', 'Qui placeat quae asperiores vel quis eos. Molestiae aut cum est ab iusto harum eum. Repudiandae natus impedit magnam amet maiores voluptas eum.', 3, '2020-05-06 02:28:00', '2020-05-06 02:28:00'),
(179, 15, 'Karina Renner', 'Tenetur quo sit velit sequi nemo. Alias molestias sit voluptas et dolor.', 5, '2020-05-06 02:28:00', '2020-05-06 02:28:00'),
(180, 14, 'Dr. Modesto Prosacco', 'Nihil quia asperiores rem et est ipsum quas. Et earum eveniet est et adipisci distinctio. Ab sit id excepturi dolor. Veritatis dolores iure voluptatem maiores.', 2, '2020-05-06 02:28:00', '2020-05-06 02:28:00'),
(181, 46, 'Russell Rosenbaum I', 'Ut vel perferendis earum. Maxime eos delectus cupiditate ut maxime. Tempora perferendis maiores debitis vel sapiente provident. Occaecati sed expedita dolorem pariatur ea fugiat iure.', 1, '2020-05-06 02:28:00', '2020-05-06 02:28:00'),
(182, 10, 'Lazaro Conn V', 'Ea et est quos hic corrupti. Eius consequuntur et blanditiis accusantium explicabo. Distinctio fugit impedit voluptas id et aut quos.', 5, '2020-05-06 02:28:00', '2020-05-06 02:28:00'),
(183, 4, 'Sigrid Hettinger', 'Libero fuga labore similique deserunt illum error. Delectus debitis velit modi. Incidunt autem neque quas.', 2, '2020-05-06 02:28:00', '2020-05-06 02:28:00'),
(184, 36, 'Winifred Rau', 'Esse recusandae et atque facere voluptatum molestiae et. Aut dolore doloribus vel optio est. Quam autem ab voluptatem pariatur maiores ullam rerum.', 1, '2020-05-06 02:28:00', '2020-05-06 02:28:00'),
(185, 9, 'Alverta Macejkovic', 'Voluptas laborum voluptates quo repellendus. Quisquam ut eum vitae tempore esse omnis et. Est nemo eaque velit. Doloremque sed facere ut illo quo debitis consequuntur in.', 2, '2020-05-06 02:28:00', '2020-05-06 02:28:00'),
(186, 19, 'Viviane McClure', 'Asperiores cum minus fugiat culpa non. Sed velit quia nostrum et. Enim provident optio magni atque vel expedita est est.', 3, '2020-05-06 02:28:00', '2020-05-06 02:28:00'),
(187, 14, 'Prof. Vicente Ziemann PhD', 'Eveniet ullam vel id saepe veritatis sed maxime. Et accusamus consectetur accusantium eum. Non quam est nemo aut.', 0, '2020-05-06 02:28:00', '2020-05-06 02:28:00'),
(188, 4, 'Harmony Murray', 'Iste eveniet qui ullam. Nam est magni nobis sit nihil et et saepe. Saepe repudiandae veritatis eius qui id corporis. Occaecati esse est illo voluptatem dolores perferendis nostrum.', 1, '2020-05-06 02:28:00', '2020-05-06 02:28:00'),
(189, 36, 'Jacques Nolan', 'Et mollitia fuga numquam reiciendis. Qui id nobis laboriosam qui libero. Molestias iste quia perferendis molestiae ut voluptas.', 4, '2020-05-06 02:28:00', '2020-05-06 02:28:00'),
(190, 36, 'Minnie Batz', 'Facilis debitis mollitia voluptas ex voluptates facere. Fugit dolorum unde itaque accusamus dolor id. Molestiae odit consequatur in quia veritatis. Labore nam optio consequatur.', 0, '2020-05-06 02:28:00', '2020-05-06 02:28:00'),
(191, 14, 'Mrs. Destiny Ferry DVM', 'Voluptas suscipit est excepturi nihil rerum. Aut quo ratione et et sint repellendus fuga. Et ratione atque eos molestiae.', 3, '2020-05-06 02:28:00', '2020-05-06 02:28:00'),
(192, 37, 'Dr. Rachael Mosciski', 'Rerum consequatur et ut. Aperiam at rerum nam enim omnis et nisi. Omnis eos quaerat molestiae ut est sed.', 1, '2020-05-06 02:28:00', '2020-05-06 02:28:00'),
(193, 47, 'Murl Harber', 'Temporibus et et asperiores veniam aut error et. Ipsa et fuga repellendus atque et quos ullam nihil. Sunt aut enim nulla necessitatibus consequatur omnis repellat. In delectus ut ex est blanditiis.', 2, '2020-05-06 02:28:00', '2020-05-06 02:28:00'),
(194, 36, 'Prof. Kirstin Jast I', 'Animi reiciendis iure quis odit. Eligendi quaerat aliquid praesentium doloribus. Officia facilis facilis et eligendi id pariatur cupiditate explicabo. Animi et deserunt sit sapiente et.', 4, '2020-05-06 02:28:00', '2020-05-06 02:28:00'),
(195, 39, 'Dr. Isabelle Pollich IV', 'Atque ut qui labore non iusto dolorem. Expedita iste ea dolorem dicta cum aut. Sunt inventore placeat possimus quaerat libero possimus beatae.', 3, '2020-05-06 02:28:00', '2020-05-06 02:28:00'),
(196, 48, 'Janiya Harris', 'Neque velit veritatis illum inventore rerum voluptas. Et inventore optio nostrum omnis eos nihil est. Animi et veniam ad fugiat distinctio et laboriosam.', 1, '2020-05-06 02:28:00', '2020-05-06 02:28:00'),
(197, 12, 'Ena Hickle', 'Qui est et dolorem commodi est dolorem. Nihil voluptas expedita non. Sunt qui enim sunt sint sint reprehenderit. Blanditiis nisi et molestiae voluptas voluptas modi odit.', 1, '2020-05-06 02:28:00', '2020-05-06 02:28:00'),
(198, 18, 'Jada Upton', 'Iusto sint et ullam in aut. Accusamus et necessitatibus enim qui accusantium. Provident aut quasi tempore velit qui id. Adipisci blanditiis ut ut asperiores deleniti.', 3, '2020-05-06 02:28:00', '2020-05-06 02:28:00'),
(199, 7, 'Priscilla Cummings', 'Neque dicta est eligendi optio rerum commodi omnis. Sint saepe autem nam et non quia iure. Blanditiis minus libero autem ipsum rerum cumque.', 1, '2020-05-06 02:28:00', '2020-05-06 02:28:00'),
(200, 38, 'Jewell Mante', 'Doloremque eum aut excepturi dolores impedit et nam. Earum quas reiciendis eum nesciunt at eius.', 2, '2020-05-06 02:28:00', '2020-05-06 02:28:00'),
(201, 42, 'Anjali Medhurst', 'Sed quis commodi quam est aperiam. Minus dicta commodi tempora animi qui nostrum. Illum tempora autem nihil expedita qui.', 3, '2020-05-06 02:28:00', '2020-05-06 02:28:00'),
(202, 10, 'Prof. Maryam Huel I', 'Exercitationem dicta qui dolorum aspernatur provident laborum mollitia. Qui optio ipsam id aut laudantium placeat. Sed ducimus quia sit. Totam impedit saepe asperiores ut nam et.', 3, '2020-05-06 02:28:00', '2020-05-06 02:28:00'),
(203, 2, 'Dr. Perry Hansen', 'Ducimus eum incidunt reiciendis. Sapiente vitae non non et voluptatibus sed adipisci ex.', 5, '2020-05-06 02:28:00', '2020-05-06 02:28:00'),
(204, 9, 'Janae Bernhard', 'Est minima sit id doloribus. Mollitia inventore voluptates quis consequuntur nulla molestias sed. Consequatur et quod pariatur et. Animi accusamus unde eos itaque itaque perferendis omnis. Deleniti quam dignissimos molestiae ea vero cupiditate sint.', 0, '2020-05-06 02:28:00', '2020-05-06 02:28:00'),
(205, 34, 'Emiliano Robel', 'Cupiditate nam doloremque velit reiciendis occaecati. Sed expedita velit est sit molestiae nihil. Sequi maiores dolor consequuntur illum.', 2, '2020-05-06 02:28:00', '2020-05-06 02:28:00'),
(206, 7, 'Cristal Towne', 'Nihil assumenda nobis numquam ut accusamus. Ipsum fugit sunt voluptate eos sint dolore. Quasi nihil dolor laboriosam provident. Quia qui atque consequatur molestias.', 1, '2020-05-06 02:28:00', '2020-05-06 02:28:00'),
(207, 12, 'Genevieve Rath Sr.', 'Et doloribus placeat corporis dolores. A autem aliquid non unde animi beatae a. Est ratione nam rerum mollitia qui consequatur. Ut sapiente nemo cupiditate cumque.', 3, '2020-05-06 02:28:00', '2020-05-06 02:28:00'),
(208, 15, 'Prof. Ian Corkery III', 'Amet earum nam tempora aut non. Vero non laudantium voluptatem quia aliquid officia temporibus. Laudantium asperiores totam molestias ut earum suscipit voluptas.', 4, '2020-05-06 02:28:00', '2020-05-06 02:28:00'),
(209, 17, 'Cleveland Pacocha', 'Quo doloribus aut est voluptatem. Et velit blanditiis nihil accusantium. Laboriosam nulla consequatur nostrum officia alias doloribus harum. Ea aut quos vel aut reprehenderit fugiat.', 3, '2020-05-06 02:28:00', '2020-05-06 02:28:00'),
(210, 34, 'Dusty Schamberger', 'Iste sed odio et. Non non ea et iure ipsam. Quo molestiae nostrum ipsa atque est occaecati tenetur. Voluptate totam itaque iusto.', 3, '2020-05-06 02:28:00', '2020-05-06 02:28:00'),
(211, 4, 'Federico Kris', 'Aperiam aut quo laboriosam adipisci quisquam minus quam. Quia dicta eligendi vel veniam ipsam et. Ea unde odit ut velit est. Expedita amet voluptatem earum dicta adipisci sint.', 0, '2020-05-06 02:28:00', '2020-05-06 02:28:00');
INSERT INTO `reviews` (`id`, `product_id`, `customer`, `review`, `star`, `created_at`, `updated_at`) VALUES
(212, 10, 'Dr. Gerard Hettinger Sr.', 'Rerum et ipsum delectus non similique at. Qui quos quis non ipsum nam eos molestiae. Eum voluptatum et consequuntur qui saepe.', 3, '2020-05-06 02:28:00', '2020-05-06 02:28:00'),
(213, 49, 'Esperanza Beahan', 'Qui voluptas eum itaque quo et. Quis et earum dolor quis nesciunt earum cupiditate. Voluptatem sunt enim repellat nemo qui hic illum. Ipsa animi eveniet deleniti qui deserunt qui.', 5, '2020-05-06 02:28:00', '2020-05-06 02:28:00'),
(214, 44, 'Jessika Leffler III', 'Sunt ut eligendi numquam nihil voluptatum accusamus similique repellat. Id corporis rem est non eum amet quo. Iure consectetur iusto rerum explicabo omnis veritatis.', 1, '2020-05-06 02:28:00', '2020-05-06 02:28:00'),
(215, 1, 'Ms. Rosa Shields', 'Est molestias est quos enim. Quibusdam veniam harum possimus rerum fuga impedit. Qui omnis repellat dolores natus voluptatem beatae dolorem.', 0, '2020-05-06 02:28:00', '2020-05-06 02:28:00'),
(216, 17, 'Aniya Dare', 'Eum magnam fuga dicta cum et. Aut aut eius sed necessitatibus provident. Enim ut error consequuntur non dolores facere in rerum.', 4, '2020-05-06 02:28:00', '2020-05-06 02:28:00'),
(217, 5, 'Carolina Baumbach', 'Deleniti et dolor aspernatur voluptas aut odio. Perspiciatis sit nemo soluta laudantium numquam non. Veniam qui maxime dolorem quos nisi facere.', 1, '2020-05-06 02:28:00', '2020-05-06 02:28:00'),
(218, 35, 'Howard Wunsch', 'Qui et sunt voluptates vitae et pariatur. Omnis et magnam porro alias vitae qui explicabo. Autem quia unde blanditiis ex optio possimus quisquam nemo. Laudantium quae pariatur aut quae sint exercitationem.', 5, '2020-05-06 02:28:00', '2020-05-06 02:28:00'),
(219, 44, 'Dorthy Larson', 'Perferendis minus in nostrum et. Quia dolorem fugit beatae vero est aperiam eveniet.', 4, '2020-05-06 02:28:00', '2020-05-06 02:28:00'),
(220, 29, 'Damaris Hickle', 'Odio dicta porro non excepturi neque inventore. Corporis ut ea adipisci similique esse fugiat. Eveniet nam et et quo minus. Numquam aliquid quam incidunt velit pariatur.', 4, '2020-05-06 02:28:00', '2020-05-06 02:28:00'),
(221, 16, 'Friedrich Ebert', 'Et et ea nam maxime vel. Nostrum quisquam facere mollitia tempore ipsam magnam aperiam. Explicabo voluptate quod nihil expedita ut qui. Culpa quia voluptas facilis.', 2, '2020-05-06 02:28:00', '2020-05-06 02:28:00'),
(222, 7, 'Mr. Kameron Ebert II', 'Quia sit doloribus itaque ut. Rerum consequatur nam suscipit aperiam quos. Dolorem consequatur et molestias laborum. Ex sint quaerat optio ut.', 4, '2020-05-06 02:28:00', '2020-05-06 02:28:00'),
(223, 4, 'Desmond Parker', 'Eum debitis corrupti qui ab quis natus laborum fugit. Incidunt sed sunt voluptatum repudiandae nam in.', 4, '2020-05-06 02:28:00', '2020-05-06 02:28:00'),
(224, 27, 'Ora Ruecker DVM', 'Vero facilis dolor incidunt voluptatem quam iure. Corporis et perspiciatis eos. Repellat illo voluptas dignissimos dolorem. Et suscipit eaque modi voluptatem temporibus accusamus.', 3, '2020-05-06 02:28:00', '2020-05-06 02:28:00'),
(225, 31, 'Loy Bruen', 'Eos sequi ipsam qui error. Dolores accusamus quaerat inventore quisquam. Odio et quia nostrum iste repellendus laborum accusantium voluptatem. Sed ratione velit mollitia nam.', 2, '2020-05-06 02:28:00', '2020-05-06 02:28:00'),
(226, 4, 'Albina Weber', 'Sed tempore dolore numquam. Ea cupiditate sed et quia sint sapiente mollitia. Beatae nemo iste distinctio quae. Itaque est magni suscipit fugit ad.', 0, '2020-05-06 02:28:00', '2020-05-06 02:28:00'),
(227, 17, 'Meggie Reinger', 'Suscipit fuga quia consectetur deleniti sunt aut. Unde fugit nobis nostrum in fuga eum. Et voluptatum in voluptatem esse non. Ea voluptatum necessitatibus sed similique error.', 4, '2020-05-06 02:28:00', '2020-05-06 02:28:00'),
(228, 22, 'Imelda Gulgowski', 'Error numquam et eius recusandae velit. Ut facilis ipsam quod velit perspiciatis. Minus velit sunt corporis.', 0, '2020-05-06 02:28:00', '2020-05-06 02:28:00'),
(229, 34, 'Miss Evangeline Leuschke Jr.', 'Iure enim praesentium ut optio impedit vel. Reiciendis doloribus nulla et praesentium nulla ipsum suscipit. Est quos delectus cumque officia ipsam occaecati eos quo.', 0, '2020-05-06 02:28:00', '2020-05-06 02:28:00'),
(230, 49, 'Drake Brakus', 'Aut omnis aut quos dolores illum repellendus blanditiis. Ratione id neque alias eaque eius. Repellendus tempore natus dolore vel non rerum quam ea. Voluptas expedita doloremque dolorem qui aut assumenda voluptas.', 2, '2020-05-06 02:28:00', '2020-05-06 02:28:00'),
(231, 26, 'Danyka Schimmel', 'Eius commodi aperiam quasi eligendi expedita beatae. Sed aliquid quo commodi omnis. Ex qui sed accusamus sit voluptatem quam blanditiis. Recusandae doloremque molestiae numquam ut placeat sint ut.', 3, '2020-05-06 02:28:00', '2020-05-06 02:28:00'),
(232, 35, 'Trace Lind', 'Accusantium neque voluptatem consequatur laudantium voluptatem facilis nihil. Sit sunt et autem omnis illo et vero. Qui est id labore non vel. Ut voluptatem distinctio eos quisquam sit qui deserunt.', 5, '2020-05-06 02:28:00', '2020-05-06 02:28:00'),
(233, 23, 'Mrs. Orie Lesch', 'Porro accusantium sint qui id qui cumque vitae magnam. Voluptas sequi nihil facere. Odit placeat nam omnis sed autem ab. Delectus ab quo sunt quis. Magni enim tenetur vitae consectetur cupiditate unde.', 5, '2020-05-06 02:28:00', '2020-05-06 02:28:00'),
(234, 22, 'Norval Watsica', 'Quaerat earum labore praesentium dolorem itaque. Corporis accusantium rerum et consequatur debitis qui. Debitis et ad iusto beatae qui quos.', 0, '2020-05-06 02:28:00', '2020-05-06 02:28:00'),
(235, 31, 'Antonietta Grady', 'Quo beatae quod tenetur explicabo recusandae ab ea. Aliquid ut quos facere reiciendis. Est ut mollitia cum odit nihil quas. Ratione vitae veritatis eius possimus facere aut.', 1, '2020-05-06 02:28:00', '2020-05-06 02:28:00'),
(236, 24, 'Wanda Hoeger', 'Quo quod nesciunt aut qui. Velit et facilis doloribus tempore. Et natus aliquid officia esse nulla tempora a.', 2, '2020-05-06 02:28:00', '2020-05-06 02:28:00'),
(237, 42, 'Clyde Baumbach V', 'Nisi culpa animi veritatis voluptas at. Ut nam quaerat aut. Non quo ut inventore dolores omnis ipsa labore.', 1, '2020-05-06 02:28:00', '2020-05-06 02:28:00'),
(238, 21, 'Aiyana Brown', 'Debitis recusandae molestias iusto velit id. Voluptatibus beatae similique sed recusandae error dolorem rerum. Quo voluptas labore alias in.', 0, '2020-05-06 02:28:00', '2020-05-06 02:28:00'),
(239, 27, 'Mable Romaguera', 'Inventore tempore molestiae accusamus enim sit corporis qui. Temporibus distinctio cupiditate numquam quis rerum sapiente expedita. Est aut autem qui iure dicta eius.', 5, '2020-05-06 02:28:00', '2020-05-06 02:28:00'),
(240, 16, 'Bill Rogahn DVM', 'Molestiae praesentium voluptatibus sunt suscipit. Ad consequatur sint impedit dolores non rerum modi alias. Quo ut laudantium sapiente cum quis.', 3, '2020-05-06 02:28:00', '2020-05-06 02:28:00'),
(241, 7, 'Tania Adams', 'Ab qui voluptas ullam modi. Voluptatem dolorem pariatur distinctio expedita animi mollitia aliquid. Voluptatibus ad enim doloribus ipsum aut sed quas aut. Impedit dolorem et eveniet aut odio.', 1, '2020-05-06 02:28:00', '2020-05-06 02:28:00'),
(242, 40, 'Talia Dickinson', 'Quaerat eum quidem explicabo. Est quia officiis inventore autem. Sunt dolorem non nemo velit omnis.', 4, '2020-05-06 02:28:00', '2020-05-06 02:28:00'),
(243, 9, 'Gisselle Kohler', 'Ut eum qui est consequatur omnis consequatur hic dolores. Perspiciatis nulla occaecati aspernatur harum natus ut rem. Velit dolorem voluptatem a animi. Dolorum quia suscipit in quia tempora sint.', 2, '2020-05-06 02:28:00', '2020-05-06 02:28:00'),
(244, 9, 'Horacio Dicki', 'Et dolorem id ducimus nihil. Sequi voluptas maiores eveniet voluptas voluptas provident ipsum et.', 4, '2020-05-06 02:28:00', '2020-05-06 02:28:00'),
(245, 48, 'Margret Cole', 'Aspernatur voluptatem nemo ipsam autem. Accusantium veniam natus architecto quisquam ut. Aut mollitia non expedita esse unde quo necessitatibus id.', 0, '2020-05-06 02:28:00', '2020-05-06 02:28:00'),
(246, 14, 'Keshaun Dicki', 'Sit doloremque expedita quia eum eligendi sapiente quisquam. Iusto molestiae est aliquid iusto neque eos. Vel quibusdam accusamus rerum doloremque. Aspernatur laborum quis modi rerum.', 2, '2020-05-06 02:28:00', '2020-05-06 02:28:00'),
(247, 46, 'Lane Stokes V', 'Cum qui porro corporis voluptas aut et. Expedita autem est voluptatibus quo voluptatum cupiditate.', 0, '2020-05-06 02:28:00', '2020-05-06 02:28:00'),
(248, 11, 'Dr. Quinten Dickinson I', 'Maiores ipsa quis velit. Voluptas distinctio perspiciatis fugit vel hic. Ad consequuntur minus libero eos. Consequatur dolores eaque pariatur repudiandae porro.', 0, '2020-05-06 02:28:00', '2020-05-06 02:28:00'),
(249, 40, 'Ms. Zora Raynor Jr.', 'Ullam et similique voluptatibus omnis nam numquam quo ea. Error voluptates ut eum molestiae fugiat impedit voluptatum. Tempore consequatur distinctio eveniet et ipsam amet. Nisi qui iure dolore eum minima animi.', 4, '2020-05-06 02:28:00', '2020-05-06 02:28:00'),
(250, 36, 'Bernie Windler', 'Quibusdam expedita beatae nobis nobis ut voluptate. Dolores et ipsum ipsa iusto soluta. Unde vel itaque eum ipsam maiores optio magnam quia. Laudantium quam est sunt consequatur et.', 4, '2020-05-06 02:28:00', '2020-05-06 02:28:00'),
(251, 28, 'Ismael Cummerata', 'Reprehenderit sed numquam corporis. Odit eligendi sed modi eum ut et non. Hic ipsam ea mollitia ex totam blanditiis.', 5, '2020-05-06 02:28:00', '2020-05-06 02:28:00'),
(252, 32, 'Esther Schultz', 'Commodi unde cum sint similique molestiae. Aliquam debitis nihil labore modi aliquam reprehenderit. Dolor explicabo consequatur ad blanditiis sed.', 0, '2020-05-06 02:28:00', '2020-05-06 02:28:00'),
(253, 25, 'Lisette Ernser', 'Nulla adipisci explicabo amet esse. Quia quasi quam voluptatibus et. In accusamus et nemo sapiente.', 0, '2020-05-06 02:28:00', '2020-05-06 02:28:00'),
(254, 7, 'Natalie Langworth', 'Dolores sint ratione id repudiandae et. Provident quia at dignissimos ut voluptatem soluta voluptate velit. Quia commodi quidem autem minus doloremque quibusdam. Aut et asperiores quidem iusto.', 4, '2020-05-06 02:28:00', '2020-05-06 02:28:00'),
(255, 41, 'Prof. Reuben Larkin PhD', 'Error ipsam consequatur aut officiis quis sint. Vitae velit dignissimos ut voluptatem qui veritatis commodi qui.', 5, '2020-05-06 02:28:00', '2020-05-06 02:28:00'),
(256, 32, 'Dr. Berta Abbott IV', 'Ipsum reprehenderit voluptatem quam dolorem ipsum. Laboriosam eius eligendi consequatur qui ipsa. Sequi aut nihil repudiandae laudantium. Dolores et aut qui nesciunt quidem.', 4, '2020-05-06 02:28:00', '2020-05-06 02:28:00'),
(257, 17, 'Makenna Gleason', 'Dicta possimus eum dolorum sed a ut. Debitis aut ullam dolorem voluptatem. Dolores sit quo nobis et fugiat sit laborum. Distinctio assumenda quisquam veniam architecto soluta quia quasi. Iure alias corporis beatae modi odit et maiores.', 1, '2020-05-06 02:28:00', '2020-05-06 02:28:00'),
(258, 44, 'Lulu Douglas DVM', 'Ad rem perferendis culpa dolores corrupti autem ullam. Atque sed dolorem eveniet officia.', 3, '2020-05-06 02:28:00', '2020-05-06 02:28:00'),
(259, 30, 'Ms. Kaylah Barrows Sr.', 'Corporis non alias aut et. Inventore odit ducimus autem maiores facere. Qui cumque qui sequi doloremque. Soluta odit deleniti id quas.', 0, '2020-05-06 02:28:00', '2020-05-06 02:28:00'),
(260, 47, 'Bernadine Price', 'Ipsa et illo reprehenderit adipisci sed pariatur minima. Necessitatibus autem id et perspiciatis odio molestias consequatur repellat. Beatae sit minus itaque id ut enim ut et.', 2, '2020-05-06 02:28:00', '2020-05-06 02:28:00'),
(261, 35, 'Lew Morissette', 'Iste qui est quibusdam blanditiis dolor perferendis eos. Tempora et quaerat repellat voluptatum qui repudiandae. In et quis cumque et unde eligendi.', 1, '2020-05-06 02:28:00', '2020-05-06 02:28:00'),
(262, 48, 'Alvis Buckridge', 'Dolores non quia sit quia incidunt. Et voluptates ex ratione. Quidem deserunt perferendis et. Vitae voluptatum qui sequi aut expedita.', 0, '2020-05-06 02:28:00', '2020-05-06 02:28:00'),
(263, 23, 'Izaiah Spinka Jr.', 'Itaque rerum sapiente dolores officiis. Quisquam temporibus qui et dolores laudantium. Aliquid inventore aperiam recusandae dolorem dolore est consectetur et.', 3, '2020-05-06 02:28:00', '2020-05-06 02:28:00'),
(264, 50, 'Prof. Mossie Walker I', 'Sit sint eum iste. Voluptate voluptatum aut architecto ipsa illum minima aut. Eius rem non eligendi sapiente eos. Repudiandae aliquam nemo aut qui.', 5, '2020-05-06 02:28:00', '2020-05-06 02:28:00'),
(265, 17, 'Pierre Crona', 'Modi aliquid id consequatur mollitia deleniti. Nulla labore voluptatem et sint atque quos. Eos dolorum quaerat debitis incidunt aperiam debitis ut corrupti. Qui adipisci ut magni inventore doloribus vel.', 1, '2020-05-06 02:28:00', '2020-05-06 02:28:00'),
(266, 38, 'Dr. Billy Walker DVM', 'Velit rerum est expedita consectetur maxime. Debitis aspernatur culpa ipsam fuga voluptates amet laudantium.', 0, '2020-05-06 02:28:00', '2020-05-06 02:28:00'),
(267, 33, 'Adelia Heidenreich II', 'Perspiciatis illo voluptates minus amet. Aperiam fugit voluptatem ea laudantium sunt sunt. Commodi et itaque ullam quo. Non aut est debitis consequatur rerum.', 2, '2020-05-06 02:28:00', '2020-05-06 02:28:00'),
(268, 36, 'Miss Kara Metz', 'Eum modi assumenda illum vel deserunt autem quo et. Neque sit pariatur vel architecto voluptas molestiae adipisci harum. Sunt dolorem laboriosam aspernatur quas non quia impedit omnis.', 1, '2020-05-06 02:28:00', '2020-05-06 02:28:00'),
(269, 41, 'Kristina Kling', 'Consequatur fugit ut dolorem rerum et. Optio dolorum voluptatem deleniti quod quis et. Quia recusandae molestiae saepe dignissimos nobis quae quas.', 3, '2020-05-06 02:28:00', '2020-05-06 02:28:00'),
(270, 12, 'Adelle Rath', 'Et aut ut neque vel sit. Officiis vero architecto quia quidem magni. Dolor et molestiae iusto sapiente.', 5, '2020-05-06 02:28:00', '2020-05-06 02:28:00'),
(271, 3, 'Miss Sadye Beatty', 'Nulla rerum cupiditate enim porro aliquam velit. Qui quod dolore ut alias placeat. Tempora quam quasi facere neque ut.', 3, '2020-05-06 02:28:00', '2020-05-06 02:28:00'),
(272, 7, 'Arno Shanahan', 'Eligendi autem laboriosam tempore tempora excepturi. Consequuntur veniam eligendi non qui ut perspiciatis. Nobis suscipit dolore quisquam mollitia quo.', 5, '2020-05-06 02:28:00', '2020-05-06 02:28:00'),
(273, 21, 'Miss Teagan Emmerich V', 'Quam velit voluptas officia atque ea. Magnam non voluptatum vero nulla et aut debitis. Tempore doloremque dignissimos cupiditate suscipit. Cumque ab quos dolor perspiciatis voluptatum.', 2, '2020-05-06 02:28:00', '2020-05-06 02:28:00'),
(274, 20, 'Prof. Leonardo Shields', 'Et quibusdam optio at nemo et et error at. Totam labore atque aut id est. Vel sapiente quod et est sunt.', 0, '2020-05-06 02:28:00', '2020-05-06 02:28:00'),
(275, 2, 'Mr. Carson Collins', 'Nesciunt quo nesciunt occaecati laborum consequatur quo ab. Voluptas quam nesciunt eius aut asperiores. Nam vitae omnis rem ut exercitationem est. Et omnis ea non vitae dolor magnam quia. Quis odio et rem aliquid.', 0, '2020-05-06 02:28:00', '2020-05-06 02:28:00'),
(276, 22, 'Prof. Keely Lang', 'Quo et id ab non itaque distinctio labore facere. Quis voluptate accusamus debitis qui. Est maxime provident placeat temporibus.', 1, '2020-05-06 02:28:00', '2020-05-06 02:28:00'),
(277, 31, 'Miss Zena Murray', 'Temporibus esse ad rerum sunt dignissimos sed nesciunt. Id qui tempora adipisci qui in. Ipsa quis libero delectus et veniam mollitia quibusdam. Perspiciatis aut dolorum est.', 3, '2020-05-06 02:28:00', '2020-05-06 02:28:00'),
(278, 24, 'Olen Dicki', 'Praesentium qui cupiditate optio repellendus. Facere sit voluptates doloremque maxime ullam impedit maxime. Quia voluptate labore sed et provident. Earum voluptatem autem corporis quia veniam voluptatem amet expedita.', 3, '2020-05-06 02:28:00', '2020-05-06 02:28:00'),
(279, 45, 'Verner Von', 'Voluptate voluptatem quas tempora. Tempora vel error itaque omnis aliquam ad. Consectetur quis ipsa et inventore ad ut excepturi.', 3, '2020-05-06 02:28:00', '2020-05-06 02:28:00'),
(280, 4, 'Agustin Mraz', 'Nihil blanditiis ut repellat quam distinctio. Ipsum et itaque temporibus harum velit aperiam. Ut omnis et perferendis dolorem quos fugiat. Et ipsum maiores sit itaque et dolorem.', 2, '2020-05-06 02:28:00', '2020-05-06 02:28:00'),
(281, 29, 'Hubert Hessel', 'Repellendus consequatur debitis iure. Repudiandae saepe quia unde.', 4, '2020-05-06 02:28:00', '2020-05-06 02:28:00'),
(282, 35, 'Emmalee Zboncak', 'Sequi aperiam autem qui magnam in numquam ut. Dolorum assumenda possimus et magni.', 4, '2020-05-06 02:28:00', '2020-05-06 02:28:00'),
(283, 40, 'Mr. Myles Goodwin', 'Dicta beatae dicta accusamus quaerat facilis vitae sint voluptatem. Commodi aut dolor molestias odio dolor voluptas et voluptatem. Voluptatem dicta quis quo perspiciatis tenetur possimus repellat voluptatem. Voluptatem quidem aut est quae ut totam consequatur.', 2, '2020-05-06 02:28:00', '2020-05-06 02:28:00'),
(284, 14, 'King Mertz', 'Delectus et autem ut officia non. Qui at cupiditate blanditiis aut amet. Similique in exercitationem fugiat ut veritatis. Mollitia sit perferendis voluptates odit.', 0, '2020-05-06 02:28:00', '2020-05-06 02:28:00'),
(285, 47, 'Noemie Leuschke', 'Perspiciatis laborum optio architecto molestiae velit. Voluptas vitae excepturi nihil. Qui enim ut et culpa.', 3, '2020-05-06 02:28:00', '2020-05-06 02:28:00'),
(286, 19, 'Brad Conroy', 'Eveniet quibusdam odio molestias odit est. Nostrum natus maxime soluta deleniti officia. Reprehenderit consequatur et quis ex. Incidunt dolores illum sit consequatur vel voluptatem.', 1, '2020-05-06 02:28:00', '2020-05-06 02:28:00'),
(287, 35, 'Kristofer Schneider PhD', 'Non eligendi praesentium magni quia sint est aut. Esse quod consequuntur repudiandae consequuntur debitis ducimus aspernatur.', 4, '2020-05-06 02:28:00', '2020-05-06 02:28:00'),
(288, 42, 'Keegan Gleason', 'Ea aut consequatur eligendi similique sit aut. Reprehenderit quisquam velit qui quis quia aut. Sed repudiandae ut praesentium officia iusto.', 5, '2020-05-06 02:28:00', '2020-05-06 02:28:00'),
(289, 32, 'Nyasia Sanford', 'Iure vel praesentium est et quo iure qui. Eum cum atque eligendi optio aut. Et nisi non occaecati maiores. Autem voluptas quia similique excepturi rem.', 3, '2020-05-06 02:28:00', '2020-05-06 02:28:00'),
(290, 21, 'Rahul Gulgowski', 'Illum dicta neque necessitatibus molestias illum sed. Nulla qui ut blanditiis aut asperiores deleniti officia aut. Adipisci architecto fugit quidem eos molestiae nihil et.', 3, '2020-05-06 02:28:00', '2020-05-06 02:28:00'),
(291, 44, 'Dr. Herbert Hahn', 'Dolore error rem sunt necessitatibus reiciendis explicabo dolor. Dignissimos odio occaecati sed eos officiis odit. Qui voluptas ipsum rerum dolor nisi eum quo. Qui ratione et dignissimos et atque quia nesciunt.', 4, '2020-05-06 02:28:00', '2020-05-06 02:28:00'),
(292, 37, 'Jerrod Simonis Sr.', 'Consequatur et omnis optio ipsum architecto maxime. Velit possimus non quae odit dicta harum possimus. Veritatis voluptatem odio magnam velit suscipit et aut inventore. Harum rerum at saepe error et eaque deleniti soluta.', 2, '2020-05-06 02:28:00', '2020-05-06 02:28:00'),
(293, 47, 'Prof. Retha Howe', 'Corrupti numquam odio beatae rerum consectetur. Excepturi omnis pariatur ex. Veritatis ipsum consectetur vero eaque.', 1, '2020-05-06 02:28:00', '2020-05-06 02:28:00'),
(294, 43, 'Holly Sauer', 'Perferendis dolor beatae distinctio fuga. Cum labore aspernatur omnis quisquam. Labore id possimus autem sed maxime eos quaerat. Enim labore in esse recusandae autem.', 3, '2020-05-06 02:28:00', '2020-05-06 02:28:00'),
(295, 20, 'Stacy Schmidt', 'Praesentium molestias harum earum autem. Enim omnis omnis quo odit laborum qui eligendi. Aliquam aut sunt perferendis. In facere porro ducimus expedita sit laborum. Velit earum voluptatem commodi sit voluptas dolorem in inventore.', 5, '2020-05-06 02:28:00', '2020-05-06 02:28:00'),
(296, 36, 'Dameon Steuber', 'Numquam labore qui voluptas et. Minima sit deleniti quis distinctio facilis impedit est. Facere odit voluptas aspernatur in suscipit cum hic. Eos tempora tempore dignissimos ut maxime officiis.', 2, '2020-05-06 02:28:00', '2020-05-06 02:28:00'),
(297, 50, 'Fanny Lockman', 'Officiis sint ullam qui est rerum quam consequatur. Excepturi ullam facilis laboriosam tempore corrupti et. Voluptates sint maiores enim aperiam aut.', 4, '2020-05-06 02:28:00', '2020-05-06 02:28:00'),
(298, 47, 'Berenice Quigley', 'Labore quo totam reprehenderit qui. Sit magni in sequi amet labore eveniet autem. Reprehenderit rerum ea maxime sunt non.', 3, '2020-05-06 02:28:00', '2020-05-06 02:28:00'),
(299, 26, 'Omer Lind', 'Nihil quisquam doloremque consequatur eum non tenetur. Autem error cupiditate provident rerum maiores qui et sed.', 3, '2020-05-06 02:28:00', '2020-05-06 02:28:00'),
(300, 28, 'Oren Mohr', 'Nam reiciendis ratione magnam culpa optio enim exercitationem. Aut dolores sed est.', 4, '2020-05-06 02:28:00', '2020-05-06 02:28:00'),
(301, 20, 'Elena Ritchie', 'Qui a tempora alias recusandae. Beatae dolores esse est et sit. Et repudiandae odit voluptatem totam molestiae vel illo.', 4, '2020-05-06 02:28:00', '2020-05-06 02:28:00'),
(302, 27, 'Prof. Nick Fay PhD', 'Et sunt distinctio et et et odit. Distinctio fuga atque vitae cumque. Pariatur harum eius hic optio. Vel hic laudantium commodi reiciendis fugiat similique.', 5, '2020-05-06 02:28:00', '2020-05-06 02:28:00'),
(303, 49, 'Daniella Jones', 'Minima odit est aut consequatur. Dignissimos numquam nesciunt vel et quasi. Dolor est facilis enim est dolorum occaecati.', 3, '2020-05-06 02:28:00', '2020-05-06 02:28:00'),
(304, 45, 'Coby Ratke', 'Excepturi sint ipsum aut ut nesciunt numquam. Veniam voluptatibus officiis exercitationem inventore dignissimos eligendi eius sed. Perspiciatis eveniet et sapiente earum. Nulla perferendis qui quis harum amet quisquam ab.', 5, '2020-05-06 02:28:00', '2020-05-06 02:28:00'),
(305, 50, 'Ethelyn Mayert', 'Sed eos maiores labore accusantium minima. Dolorem explicabo ex voluptatem omnis unde doloremque repellat. Aut aspernatur rerum veritatis minima nesciunt. Numquam corporis quod et facilis.', 1, '2020-05-06 02:28:00', '2020-05-06 02:28:00'),
(306, 40, 'Dr. Denis Windler Sr.', 'Consequatur voluptatem illum explicabo qui molestiae. Aut ex nihil magnam non dolor. Assumenda voluptas molestias sint illum id esse eum.', 2, '2020-05-06 02:28:00', '2020-05-06 02:28:00'),
(307, 38, 'Prof. Cora Kuvalis', 'Cumque est praesentium molestiae. Quos illo consequatur magnam et excepturi ex recusandae. Voluptatum minima sunt doloribus sit voluptatibus rerum aspernatur. Culpa numquam quo velit consequuntur.', 1, '2020-05-06 02:28:00', '2020-05-06 02:28:00'),
(308, 10, 'Mateo Moen', 'Esse saepe explicabo dolor. Neque dolores aut deleniti ea labore et voluptatum. At optio consequatur quia maiores maiores.', 5, '2020-05-06 02:28:00', '2020-05-06 02:28:00'),
(309, 31, 'Sherman Deckow', 'Aperiam quis ut aut saepe sit. Et ea vel totam omnis eos dolor dignissimos. Libero quis illum ut sit vero libero nobis. Nihil alias quae officiis rem provident nemo.', 1, '2020-05-06 02:28:00', '2020-05-06 02:28:00'),
(310, 35, 'Clotilde Mohr', 'Adipisci qui qui eum dolorum sit aut. Quia et provident et voluptas. Porro enim voluptas eius id.', 4, '2020-05-06 02:28:00', '2020-05-06 02:28:00'),
(311, 50, 'Ewald Dicki', 'Et incidunt commodi qui doloribus officiis. Et possimus voluptatem soluta quibusdam eum. Necessitatibus in nihil ducimus quibusdam maiores.', 5, '2020-05-06 02:28:00', '2020-05-06 02:28:00'),
(312, 14, 'Timothy Heaney', 'Illum exercitationem nam inventore assumenda dolorem. Et consectetur illo quas eius. Eius soluta fugit laboriosam. Hic rerum vel et ut necessitatibus voluptatem et.', 2, '2020-05-06 02:28:00', '2020-05-06 02:28:00'),
(313, 35, 'Charles Zboncak II', 'Aliquid mollitia consequatur quae deleniti sit. Minima qui quia fuga at non dolores aut. Minima molestiae dicta tempora ullam laboriosam deserunt fuga.', 1, '2020-05-06 02:28:00', '2020-05-06 02:28:00'),
(314, 39, 'Ethelyn Koelpin Jr.', 'Ullam quidem explicabo voluptate fugiat nihil placeat porro. Velit repudiandae aut ratione. Cumque vel vitae aut facilis beatae. Aliquid omnis officia laborum vitae harum voluptatem.', 0, '2020-05-06 02:28:00', '2020-05-06 02:28:00'),
(315, 2, 'Celestine Lebsack', 'Accusamus adipisci pariatur temporibus ipsam pariatur nihil. Nemo rerum ipsum aut vel corrupti enim assumenda. Ipsum cum unde consequatur vel dicta. Iste libero maxime consequatur.', 5, '2020-05-06 02:28:00', '2020-05-06 02:28:00'),
(316, 42, 'Frederik Walsh', 'Aliquam voluptatem non quo consequatur voluptas. Perferendis itaque modi recusandae qui. Doloribus eaque assumenda ea dignissimos.', 2, '2020-05-06 02:28:00', '2020-05-06 02:28:00'),
(317, 16, 'Finn Frami', 'Eum incidunt velit consectetur voluptas error. Reiciendis voluptatem et possimus exercitationem voluptatum. Aut omnis qui provident facere ipsum sit tempora nostrum. Possimus corrupti qui quisquam suscipit sint nisi est.', 1, '2020-05-06 02:28:00', '2020-05-06 02:28:00'),
(318, 36, 'Blake Ondricka', 'Debitis et quisquam molestiae aliquam aut quis. Velit eos rerum dignissimos. Voluptatem ut reiciendis cupiditate asperiores. Sit dolorum minima rem.', 1, '2020-05-06 02:28:00', '2020-05-06 02:28:00'),
(319, 23, 'Prof. Abbigail Wilderman V', 'Quas harum doloribus et sapiente reiciendis voluptatem. Aut labore nostrum autem magnam sint dignissimos magnam.', 4, '2020-05-06 02:28:00', '2020-05-06 02:28:00'),
(320, 38, 'Joana Harber', 'Ex sunt alias ut est. Quo nostrum ut sit. Ipsam autem at quas sint ut totam excepturi.', 0, '2020-05-06 02:28:00', '2020-05-06 02:28:00'),
(321, 44, 'Mr. Rodrigo Steuber', 'Est ea accusamus omnis et fugiat voluptatem illum. Sit nemo ducimus autem ut omnis. Aliquid dolore ut voluptatum. Distinctio incidunt et animi nisi animi explicabo.', 2, '2020-05-06 02:28:00', '2020-05-06 02:28:00'),
(322, 43, 'Cecelia Kemmer', 'Provident sint amet exercitationem qui voluptatem labore voluptatum. Dignissimos ut accusamus quaerat rerum aut et. Nihil omnis placeat magnam. Ut laudantium est enim est consequuntur.', 0, '2020-05-06 02:28:00', '2020-05-06 02:28:00'),
(323, 22, 'Mr. Jake Hoppe', 'Odit officiis qui voluptas dolorem sit nihil voluptas ut. Facere et voluptas delectus id. Quia non voluptas qui molestiae sed aperiam corporis. Voluptas facere aut repudiandae rem placeat.', 4, '2020-05-06 02:28:00', '2020-05-06 02:28:00'),
(324, 1, 'Kay Schmitt', 'Rem esse provident aut nobis explicabo eos. Eos necessitatibus ut et ipsum eaque nostrum doloremque. Exercitationem blanditiis iure sint quidem.', 4, '2020-05-06 02:28:00', '2020-05-06 02:28:00'),
(325, 31, 'Leonora Gibson', 'Dolorem laudantium ut nisi et quasi rerum. Ut sint qui aut omnis. Veritatis qui atque rem corrupti est qui. Quidem ipsum eligendi sunt magni modi recusandae.', 1, '2020-05-06 02:28:00', '2020-05-06 02:28:00'),
(326, 4, 'Carlo Gusikowski', 'Commodi blanditiis id in inventore rerum. Est non qui qui itaque. Aperiam sit nisi est blanditiis aut earum.', 3, '2020-05-06 02:28:00', '2020-05-06 02:28:00'),
(327, 25, 'Jean Glover III', 'Qui repellendus molestias rerum voluptas odit dolor deleniti. Asperiores consequatur ipsum mollitia blanditiis quia tempora. Vel deleniti veritatis numquam omnis.', 1, '2020-05-06 02:28:00', '2020-05-06 02:28:00'),
(328, 18, 'Dr. Chesley Hammes', 'Similique eligendi explicabo ullam dolore voluptatem cupiditate. Facere necessitatibus numquam molestiae recusandae architecto. Dolorem dolore quae ea rem accusantium. Ea veritatis a autem aut laborum assumenda.', 0, '2020-05-06 02:28:00', '2020-05-06 02:28:00'),
(329, 22, 'Lucio Hagenes Sr.', 'Odio et vitae sunt commodi eaque. Optio quos officiis recusandae perspiciatis. Quos autem quasi cupiditate ea ad adipisci.', 3, '2020-05-06 02:28:00', '2020-05-06 02:28:00'),
(330, 49, 'Geovany Armstrong', 'Explicabo dolores et nulla in iusto laborum. Veniam tempora corrupti ut eos culpa aspernatur. Quam sed est asperiores ut eos. Nam sit quia minus labore impedit dolorem non.', 3, '2020-05-06 02:28:00', '2020-05-06 02:28:00'),
(331, 12, 'Dr. Lawson Zieme DVM', 'Doloribus ab nostrum est cumque est. Et dolorum quaerat est labore dolore. Consectetur impedit deserunt modi doloremque. Voluptatem atque minima voluptatem id aut alias est. Tempore qui commodi sed deserunt vitae doloribus aspernatur.', 3, '2020-05-06 02:28:00', '2020-05-06 02:28:00'),
(332, 39, 'Kamille Lynch', 'Reiciendis numquam reprehenderit eos. Et qui porro soluta vel voluptatem. Tenetur esse qui cum soluta.', 5, '2020-05-06 02:28:00', '2020-05-06 02:28:00'),
(333, 19, 'Prof. Madyson Monahan MD', 'Quia vero quod maxime molestiae error porro sit. Ut voluptatibus assumenda iste qui iusto qui. Recusandae architecto porro est non sunt aliquid odio. Voluptates molestiae officiis dolor laboriosam velit.', 0, '2020-05-06 02:28:00', '2020-05-06 02:28:00'),
(334, 32, 'Easton Carroll MD', 'Qui harum velit quam ea inventore optio cupiditate. Quod ut quam impedit commodi repellat accusantium qui asperiores. Nihil et rerum qui quod omnis maiores mollitia. Omnis voluptas a et dolores sed omnis.', 5, '2020-05-06 02:28:00', '2020-05-06 02:28:00'),
(335, 23, 'Clarissa Harvey', 'Deleniti exercitationem nostrum quisquam modi commodi sequi. Accusantium cumque rerum tempora magni possimus consequatur. Magni ipsa magnam cum illum minus. Culpa harum enim saepe inventore. Sint commodi beatae repudiandae ipsam nobis cumque ea.', 2, '2020-05-06 02:28:00', '2020-05-06 02:28:00'),
(336, 29, 'Trent Kertzmann', 'Qui id facilis harum recusandae. Qui dolorem odio alias dolores modi. Ut placeat at totam quo harum.', 3, '2020-05-06 02:28:00', '2020-05-06 02:28:00'),
(337, 28, 'Ethyl Aufderhar I', 'Consequatur quis distinctio aliquam maxime officia ut. Numquam impedit enim mollitia. Aut officiis nihil reiciendis velit et quia ducimus. Eveniet temporibus eveniet ut quod exercitationem ad. Et est animi et illo mollitia.', 2, '2020-05-06 02:28:00', '2020-05-06 02:28:00'),
(338, 48, 'Kayleigh Kling Jr.', 'Pariatur voluptatem et quibusdam harum laboriosam libero et. Aut voluptas fugiat nisi iste dolores iusto. Autem ipsum est distinctio quis.', 2, '2020-05-06 02:28:00', '2020-05-06 02:28:00'),
(339, 43, 'Vernie Yost', 'Amet sequi quia aut temporibus vel velit aut. Optio laborum repellat autem eius ullam qui est. Nobis voluptate unde aut facilis qui quas eaque. Illum eligendi error voluptatem tempora non quis qui.', 4, '2020-05-06 02:28:00', '2020-05-06 02:28:00'),
(340, 45, 'Xzavier Kiehn', 'Inventore beatae fuga pariatur et tempora perspiciatis. Quis sit est neque laudantium non pariatur non. Est qui fugit dolores ipsam aut molestias. Explicabo optio facilis porro similique quisquam.', 5, '2020-05-06 02:28:00', '2020-05-06 02:28:00'),
(341, 16, 'Prof. Lorenzo Schmeler', 'Tempora voluptatem perferendis quam. Sit fuga quia ipsam odit. Rerum quia ut qui molestiae reiciendis qui aut.', 5, '2020-05-06 02:28:00', '2020-05-06 02:28:00'),
(342, 20, 'Prof. Kameron Turner', 'Aut dolores voluptatem qui laborum. Provident quia perferendis est nobis recusandae excepturi. Sit recusandae sunt molestias ad tenetur repudiandae beatae.', 0, '2020-05-06 02:28:00', '2020-05-06 02:28:00'),
(343, 17, 'Virgil Purdy', 'Quia neque harum iste aliquid velit nisi suscipit sequi. Ratione rerum doloremque unde non debitis. Et assumenda est perspiciatis molestiae iste rerum. Omnis voluptatum expedita atque perspiciatis libero quia officia at.', 3, '2020-05-06 02:28:00', '2020-05-06 02:28:00'),
(344, 37, 'Aurore Gleichner I', 'Assumenda earum voluptas qui et at sed praesentium. Qui fugit molestias ut facilis. Ducimus consectetur nisi qui. Quidem repudiandae non voluptatem unde perferendis magni fugit neque.', 5, '2020-05-06 02:28:00', '2020-05-06 02:28:00'),
(345, 24, 'Deion Gerlach', 'Omnis quae iusto consequuntur provident. Eveniet aut delectus unde est nisi non. Vel ut nesciunt voluptatem dicta.', 4, '2020-05-06 02:28:00', '2020-05-06 02:28:00'),
(346, 33, 'Grant Watsica', 'Adipisci quis sit id autem. Laudantium corporis provident voluptas consequuntur tempora beatae ratione. Explicabo eos inventore aut nisi dolorem asperiores sed.', 2, '2020-05-06 02:28:00', '2020-05-06 02:28:00'),
(347, 23, 'Markus Barrows MD', 'Impedit et voluptas quibusdam ipsa recusandae. Qui repudiandae ea totam ut et ut consequatur amet. Dolores odio ab quo in ipsa.', 3, '2020-05-06 02:28:00', '2020-05-06 02:28:00'),
(348, 41, 'Orin Shanahan', 'Doloremque nihil voluptas perferendis qui facere qui fugit. Recusandae sint est iure aut. Sit totam iusto atque vel vero. Eaque animi facilis odit laboriosam. Inventore autem consequatur et.', 2, '2020-05-06 02:28:00', '2020-05-06 02:28:00'),
(349, 10, 'Madonna Bashirian', 'Perferendis sint sit nisi ea. Necessitatibus et et eius nemo. Totam nesciunt asperiores non rerum. Repellat velit nostrum doloribus aut perspiciatis distinctio sunt.', 2, '2020-05-06 02:28:00', '2020-05-06 02:28:00'),
(350, 2, 'Otha Ratke', 'Aut quo quo veniam et dolorem odio commodi. Dignissimos sequi quia dolorum id et dignissimos molestiae. Esse atque minus eos nulla excepturi debitis nam. Est ut non debitis ea ut ducimus. Magnam est quia reprehenderit.', 4, '2020-05-06 02:28:00', '2020-05-06 02:28:00'),
(351, 19, 'Keanu Hudson', 'Fugiat asperiores rerum nesciunt velit. Itaque aut aut tempora est omnis. Nesciunt ut nisi et quisquam sint libero quasi aut.', 2, '2020-05-06 02:28:00', '2020-05-06 02:28:00'),
(352, 50, 'Kimberly Emard', 'Minus velit in praesentium facilis temporibus dicta nihil. Quam rerum omnis maxime ratione dolorum consequatur. Libero ad rerum possimus incidunt molestias neque illum. Sed culpa dolorem cum illum labore corporis autem sit.', 2, '2020-05-06 02:28:00', '2020-05-06 02:28:00'),
(353, 7, 'Dr. Bobbie Orn', 'Aut id sint consectetur et. Et sint sapiente quis minima. Alias veniam maiores et. Cum eum non soluta.', 4, '2020-05-06 02:28:00', '2020-05-06 02:28:00'),
(354, 31, 'Mary Rosenbaum', 'Nesciunt deserunt eum quis temporibus ad ad totam veritatis. At ut laboriosam quos consequatur ut. Sit voluptate itaque ut unde nulla.', 0, '2020-05-06 02:28:00', '2020-05-06 02:28:00'),
(355, 13, 'Dr. Miller Haag Jr.', 'Sunt consectetur nulla ut dolores voluptate. Perspiciatis dolores saepe et voluptate ipsum odio. Veritatis quod animi nemo. Repellat totam tempora sint est ut. Reprehenderit veniam tenetur repellat vel at explicabo molestias.', 2, '2020-05-06 02:28:00', '2020-05-06 02:28:00'),
(356, 30, 'Juliana Heller', 'Perferendis dolor qui sit illo fugit at. Dolor voluptates error aut molestiae ullam assumenda. Eveniet est modi voluptatibus est autem mollitia. Nesciunt autem placeat vero sit repellendus facere.', 5, '2020-05-06 02:28:00', '2020-05-06 02:28:00'),
(357, 14, 'Miss Angeline Satterfield DDS', 'Non enim eveniet alias occaecati quia reprehenderit. Et iusto ut laborum et rerum sit perspiciatis.', 5, '2020-05-06 02:28:00', '2020-05-06 02:28:00'),
(358, 5, 'Marilyne Klein', 'Et odio reiciendis magnam explicabo cum. Ullam laboriosam aut eaque rerum minus nemo. Repudiandae deserunt nulla nesciunt nisi doloremque dolor voluptas. Est consequatur sequi quia occaecati consequatur.', 4, '2020-05-06 02:28:00', '2020-05-06 02:28:00'),
(359, 2, 'Miss Kassandra Kautzer', 'Ducimus eum ea vel iure ea qui dolores. Pariatur consequuntur tempora consequatur. Provident nostrum laudantium hic perferendis voluptas sint. Ipsum illum veritatis dignissimos est eveniet voluptas itaque.', 0, '2020-05-06 02:28:00', '2020-05-06 02:28:00'),
(360, 50, 'Lazaro Schmidt', 'Illo omnis distinctio veritatis magnam modi. Similique sit adipisci pariatur rerum omnis deserunt quae temporibus. Accusantium possimus enim at aut aut pariatur.', 0, '2020-05-06 02:28:00', '2020-05-06 02:28:00'),
(361, 21, 'Dorian Weber', 'Consequatur sint tempore natus aut excepturi dignissimos. Velit nesciunt unde facere dolorum harum voluptatem. Ab est officia sed quisquam rem sit nihil iusto. Quo accusantium quidem autem itaque labore in.', 5, '2020-05-06 02:28:00', '2020-05-06 02:28:00'),
(362, 14, 'Marjory Johnson', 'Quas voluptatum eveniet rerum dolores voluptate natus. Blanditiis magni vitae fuga optio voluptatum. Dignissimos iste totam sit sunt qui deserunt consequatur.', 1, '2020-05-06 02:28:00', '2020-05-06 02:28:00'),
(363, 19, 'Bud Hermann', 'Quisquam veritatis minus odit sit ratione nulla eaque. Quod dolorum fuga architecto ut non. Itaque unde aliquid perferendis quod. Ea reiciendis placeat blanditiis assumenda accusantium at expedita occaecati.', 2, '2020-05-06 02:28:00', '2020-05-06 02:28:00'),
(364, 26, 'Rose Bernier', 'Omnis voluptas provident numquam eaque eos eos temporibus. Et ut nam totam quibusdam voluptatem. Alias quisquam voluptas ipsam eligendi tempora sed enim. Architecto aut odit minus iusto aliquam delectus.', 0, '2020-05-06 02:28:00', '2020-05-06 02:28:00'),
(365, 34, 'Santiago Effertz', 'Nostrum fugiat modi ipsum reiciendis. Aliquid commodi sint dignissimos rem voluptas a quibusdam. Velit aut itaque sapiente quae ipsam laudantium.', 3, '2020-05-06 02:28:00', '2020-05-06 02:28:00'),
(366, 4, 'David Flatley', 'Est molestiae maxime rerum doloremque omnis. Amet a eius id distinctio consequatur. Suscipit voluptatem ut quisquam. Aperiam voluptatem quibusdam atque ut voluptatem.', 1, '2020-05-06 02:28:00', '2020-05-06 02:28:00'),
(367, 8, 'Lonnie Lindgren', 'Nobis autem mollitia ipsum accusantium assumenda sit. Autem et molestiae esse et aut suscipit. Mollitia nisi sit cumque. Accusamus voluptatem non ut qui.', 0, '2020-05-06 02:28:00', '2020-05-06 02:28:00'),
(368, 10, 'Dr. Jennyfer Labadie', 'Id est rem dolores amet quia ut non blanditiis. Voluptatem consectetur repellat ut molestias voluptatem. Nihil cumque fuga quisquam ducimus non ea sed doloremque.', 1, '2020-05-06 02:28:00', '2020-05-06 02:28:00'),
(369, 34, 'Prof. Kamron Kessler Sr.', 'Eveniet doloribus dolores voluptate totam. Temporibus sunt maiores modi eligendi id quia rerum velit. Quos voluptates repellat quam sit sed asperiores ipsa. Quis sed earum iusto dolorum labore repellat.', 1, '2020-05-06 02:28:00', '2020-05-06 02:28:00'),
(370, 11, 'Patricia Schaden', 'Sunt porro perspiciatis soluta praesentium sunt officiis. Error consectetur et provident quis occaecati.', 0, '2020-05-06 02:28:00', '2020-05-06 02:28:00'),
(371, 8, 'Ms. Florida Greenfelder', 'Quod aut aspernatur inventore repellendus minima. A atque aut ullam vel odio. Quaerat in enim amet error non.', 4, '2020-05-06 02:28:00', '2020-05-06 02:28:00'),
(372, 29, 'Addie Rice', 'Totam velit debitis maxime non. Rerum ipsum maiores reprehenderit. Occaecati debitis illo non.', 2, '2020-05-06 02:28:00', '2020-05-06 02:28:00'),
(373, 32, 'Clovis Sawayn', 'Non voluptatibus dignissimos eius eligendi vero tempora. Aliquid quidem quia eveniet nobis eligendi provident. Et natus error repellendus sit numquam. Qui qui ut voluptatem esse et necessitatibus.', 2, '2020-05-06 02:28:00', '2020-05-06 02:28:00'),
(374, 42, 'Jacinthe Mayer', 'Dolore quos magni cumque maiores. Maxime quas aut nisi voluptatem. Nulla et nam commodi assumenda et facere.', 0, '2020-05-06 02:28:00', '2020-05-06 02:28:00'),
(375, 34, 'Ms. Retta Wilkinson Jr.', 'Odio et ut nisi. Quis similique at quam similique atque quia. Dolores nesciunt non iusto et in. Qui qui vel quis non.', 4, '2020-05-06 02:28:00', '2020-05-06 02:28:00'),
(376, 20, 'Dr. Wellington Cassin I', 'Laborum id non qui et laboriosam. Aut fuga facilis est voluptas molestiae corporis alias. Id totam architecto quam necessitatibus quod.', 2, '2020-05-06 02:28:00', '2020-05-06 02:28:00'),
(377, 10, 'Mr. Elmo Hammes III', 'Voluptates et consequuntur fuga laborum quasi. Aperiam aut nostrum nisi sit. Illo nihil qui earum voluptatibus. Quam quae commodi ut sed nam nulla.', 1, '2020-05-06 02:28:00', '2020-05-06 02:28:00'),
(378, 28, 'Jarrod Ondricka I', 'Perferendis ipsum incidunt nisi nulla veritatis. Consequatur magni consequuntur aut qui id.', 1, '2020-05-06 02:28:00', '2020-05-06 02:28:00'),
(379, 26, 'Lexus Strosin IV', 'Incidunt sapiente aut aut inventore. Aut consequatur ut et rerum dolore. Facilis deleniti minima ut eos possimus eum.', 2, '2020-05-06 02:28:00', '2020-05-06 02:28:00'),
(380, 36, 'Mazie O\'Kon', 'Itaque esse nihil error in in ex. Et quas ea exercitationem quam odio voluptatem error voluptas. Eos amet dolor aut et. In suscipit rem est alias voluptatem culpa sint.', 0, '2020-05-06 02:28:00', '2020-05-06 02:28:00'),
(381, 8, 'Alta Bosco', 'Eligendi nihil ut repudiandae minus. Dolor fugit et odio magnam. Itaque culpa ut ut praesentium qui qui neque quia.', 0, '2020-05-06 02:28:00', '2020-05-06 02:28:00'),
(382, 33, 'Paxton Ziemann', 'Omnis illo iure modi non est aliquam voluptatibus. In rerum sunt voluptatum sit dolor aut aperiam. Qui accusantium ratione ipsam ullam nisi.', 3, '2020-05-06 02:28:00', '2020-05-06 02:28:00'),
(383, 44, 'Murray Rutherford', 'Repellat necessitatibus est qui quis molestiae ut. Nesciunt dolorem quaerat voluptatem dolorem et fugit voluptas consequatur. Est vero illum ipsum illo molestiae. Ipsum nulla laborum eos dolor et aut voluptas.', 1, '2020-05-06 02:28:00', '2020-05-06 02:28:00'),
(384, 31, 'Margarett Borer', 'Dolores aut molestiae ea voluptates exercitationem fugit. Ab consequatur dicta inventore vero laborum cumque quaerat dolores. Soluta est ea voluptatem eos fugit sapiente.', 5, '2020-05-06 02:28:00', '2020-05-06 02:28:00'),
(385, 23, 'Jimmie Gerlach', 'Consequuntur iste exercitationem sed voluptatibus eaque assumenda. Officiis commodi suscipit atque maiores eos facilis. Eum maxime porro quis. Esse harum dicta quas repellendus voluptatem. Accusantium quaerat laborum fugit ab.', 2, '2020-05-06 02:28:00', '2020-05-06 02:28:00'),
(386, 19, 'Edmond Kuvalis', 'Officia ea aut qui. Qui ad blanditiis at omnis sapiente voluptas. Et et voluptates ad autem.', 1, '2020-05-06 02:28:00', '2020-05-06 02:28:00'),
(387, 5, 'Kieran McKenzie III', 'Aut at quae voluptatem numquam doloribus perspiciatis consequatur ab. A nobis nemo quia. Ea voluptatum aut ut iure.', 2, '2020-05-06 02:28:00', '2020-05-06 02:28:00'),
(388, 12, 'Verla Hills', 'Libero eum quis et dolorum assumenda. Natus explicabo dolorem sunt.', 3, '2020-05-06 02:28:00', '2020-05-06 02:28:00'),
(389, 5, 'Francesco Bednar', 'Nisi eaque aut suscipit esse. Consequatur perferendis rem deserunt vero. Sint recusandae et alias quia quae rerum necessitatibus soluta. Vel ut molestiae rem minima enim accusantium labore.', 2, '2020-05-06 02:28:00', '2020-05-06 02:28:00'),
(390, 8, 'Joaquin Tromp DDS', 'Accusamus repellat aspernatur autem accusamus et voluptas cumque facilis. Enim sed itaque eius quia ut provident ipsa at. Facilis ea et enim exercitationem ut aperiam. Quia quod enim minus officiis ratione inventore.', 5, '2020-05-06 02:28:00', '2020-05-06 02:28:00'),
(391, 45, 'Odell Reilly', 'Totam repellat reiciendis enim distinctio. Dolores eum qui est velit.', 2, '2020-05-06 02:28:00', '2020-05-06 02:28:00'),
(392, 12, 'Thomas Hagenes', 'Eum iste deserunt soluta est officiis. Expedita temporibus iusto tempora.', 3, '2020-05-06 02:28:00', '2020-05-06 02:28:00'),
(393, 2, 'Isabell Williamson IV', 'Est velit commodi dolorem magni. Commodi alias maxime aut architecto. Dolor pariatur dolorum in repellat fugit eligendi libero. Quidem fugit rerum dolorem aut ad eos.', 1, '2020-05-06 02:28:00', '2020-05-06 02:28:00'),
(394, 20, 'Irving Gulgowski', 'Et ea cumque doloribus in est ducimus. Eveniet id ipsum alias qui odio.', 1, '2020-05-06 02:28:00', '2020-05-06 02:28:00'),
(395, 2, 'Dr. Raul Hermiston II', 'Occaecati cumque eveniet iusto nostrum. Eaque asperiores saepe rem assumenda eos est dolor rerum. Itaque impedit voluptas ex sed debitis est aspernatur.', 5, '2020-05-06 02:28:00', '2020-05-06 02:28:00'),
(396, 44, 'Mr. Billy Bogisich', 'Veritatis voluptatem vel iure accusamus pariatur et modi. Tenetur accusamus cupiditate quia sed reiciendis. Dolorum facere eos nemo enim et.', 4, '2020-05-06 02:28:00', '2020-05-06 02:28:00'),
(397, 49, 'Talon Padberg II', 'Pariatur sunt dolor quam cumque dolorem. Praesentium inventore maxime quidem et et voluptates. Perferendis sunt earum aut fuga temporibus natus harum. Molestias id velit aut at nulla et.', 4, '2020-05-06 02:28:00', '2020-05-06 02:28:00'),
(398, 46, 'Prof. Juwan Davis Jr.', 'Voluptate iste rerum magnam placeat. Sint laborum exercitationem culpa ipsum. Ratione qui ut labore aspernatur nihil aut cum. Ipsam veniam eum dolor a maxime omnis omnis.', 4, '2020-05-06 02:28:00', '2020-05-06 02:28:00'),
(399, 21, 'Eliane Sporer', 'Vel unde quis autem tempora rerum ea aut. Neque quaerat repellendus ut natus officia. Dolores cum nihil aliquam praesentium et. Suscipit aut nihil aperiam ipsum exercitationem voluptas animi expedita. Saepe dolor quibusdam molestiae excepturi officiis vitae.', 5, '2020-05-06 02:28:00', '2020-05-06 02:28:00'),
(400, 32, 'Prof. Dock Marvin IV', 'Laboriosam nihil aspernatur nostrum laboriosam aliquam aliquid. Iure velit quasi quasi dolor. Quos est aut quae qui. Enim sit harum molestiae eveniet ut qui.', 1, '2020-05-06 02:28:00', '2020-05-06 02:28:00'),
(401, 10, 'Pengleang', 'Best thing on review', 5, '2020-05-10 02:54:23', '2020-05-10 02:54:23');

-- --------------------------------------------------------

--
-- Table structure for table `users`
--

CREATE TABLE `users` (
  `id` bigint(20) UNSIGNED NOT NULL,
  `name` varchar(191) COLLATE utf8mb4_unicode_ci NOT NULL,
  `email` varchar(191) COLLATE utf8mb4_unicode_ci NOT NULL,
  `email_verified_at` timestamp NULL DEFAULT NULL,
  `is_admin` tinyint(1) DEFAULT NULL,
  `password` varchar(191) COLLATE utf8mb4_unicode_ci NOT NULL,
  `remember_token` varchar(100) COLLATE utf8mb4_unicode_ci DEFAULT NULL,
  `created_at` timestamp NULL DEFAULT NULL,
  `updated_at` timestamp NULL DEFAULT NULL
) ENGINE=InnoDB DEFAULT CHARSET=utf8mb4 COLLATE=utf8mb4_unicode_ci;

--
-- Dumping data for table `users`
--

INSERT INTO `users` (`id`, `name`, `email`, `email_verified_at`, `is_admin`, `password`, `remember_token`, `created_at`, `updated_at`) VALUES
(1, 'Pascale Harber', 'payton65@example.org', '2020-05-06 02:27:59', NULL, '$2y$10$92IXUNpkjO0rOQ5byMi.Ye4oKoEa3Ro9llC/.og/at2.uheWG/igi', 'j6qLTsvyRP', '2020-05-06 02:27:59', '2020-05-06 02:27:59'),
(2, 'Dr. Warren McKenzie Sr.', 'mireille58@example.com', '2020-05-06 02:27:59', NULL, '$2y$10$92IXUNpkjO0rOQ5byMi.Ye4oKoEa3Ro9llC/.og/at2.uheWG/igi', 'BYLWPk0NPo', '2020-05-06 02:27:59', '2020-05-06 02:27:59'),
(3, 'Cornelius Tremblay Jr.', 'marlin.bins@example.org', '2020-05-06 02:27:59', NULL, '$2y$10$92IXUNpkjO0rOQ5byMi.Ye4oKoEa3Ro9llC/.og/at2.uheWG/igi', 'AzVJN2IIML', '2020-05-06 02:27:59', '2020-05-06 02:27:59'),
(4, 'Brant Nicolas', 'bradford.rolfson@example.net', '2020-05-06 02:27:59', NULL, '$2y$10$92IXUNpkjO0rOQ5byMi.Ye4oKoEa3Ro9llC/.og/at2.uheWG/igi', 'E70aaPrsUL', '2020-05-06 02:27:59', '2020-05-06 02:27:59'),
(5, 'Chloe Torp MD', 'fdubuque@example.org', '2020-05-06 02:27:59', NULL, '$2y$10$92IXUNpkjO0rOQ5byMi.Ye4oKoEa3Ro9llC/.og/at2.uheWG/igi', 'WRkIIajgGU', '2020-05-06 02:27:59', '2020-05-06 02:27:59'),
(6, 'pengleang', 'lypengleang@gmail.com', NULL, NULL, '$2y$10$UdEjIqp2TfkCBoJJYfmr7.ghI8yuwW6ZyjAfbFUzP.JDhXUg9Qode', NULL, '2020-05-06 03:17:09', '2020-05-06 03:17:09'),
(7, 'admin', 'admin@sabaytraining.com', NULL, 1, '$2y$10$3ZAV4QhomkD6KzLPilLCYeffqoCw6HZIbt1giGVribsRWRVs80zzm', NULL, '2020-05-06 08:03:27', '2020-05-06 08:03:27'),
(8, 'user', 'user@sabaytraining.com', NULL, 0, '$2y$10$6HFHWzKPHU2nIapvcCbv.OkyqmNN.6UdNfueAlVglUhiZavmp6CsS', NULL, '2020-05-06 08:03:27', '2020-05-06 08:03:27');

--
-- Indexes for dumped tables
--

--
-- Indexes for table `failed_jobs`
--
ALTER TABLE `failed_jobs`
  ADD PRIMARY KEY (`id`);

--
-- Indexes for table `migrations`
--
ALTER TABLE `migrations`
  ADD PRIMARY KEY (`id`);

--
-- Indexes for table `oauth_access_tokens`
--
ALTER TABLE `oauth_access_tokens`
  ADD PRIMARY KEY (`id`),
  ADD KEY `oauth_access_tokens_user_id_index` (`user_id`);

--
-- Indexes for table `oauth_auth_codes`
--
ALTER TABLE `oauth_auth_codes`
  ADD PRIMARY KEY (`id`),
  ADD KEY `oauth_auth_codes_user_id_index` (`user_id`);

--
-- Indexes for table `oauth_clients`
--
ALTER TABLE `oauth_clients`
  ADD PRIMARY KEY (`id`),
  ADD KEY `oauth_clients_user_id_index` (`user_id`);

--
-- Indexes for table `oauth_personal_access_clients`
--
ALTER TABLE `oauth_personal_access_clients`
  ADD PRIMARY KEY (`id`);

--
-- Indexes for table `oauth_refresh_tokens`
--
ALTER TABLE `oauth_refresh_tokens`
  ADD PRIMARY KEY (`id`);

--
-- Indexes for table `owners`
--
ALTER TABLE `owners`
  ADD PRIMARY KEY (`id`),
  ADD KEY `owners_project_id_foreign` (`project_id`);

--
-- Indexes for table `password_resets`
--
ALTER TABLE `password_resets`
  ADD KEY `password_resets_email_index` (`email`);

--
-- Indexes for table `products`
--
ALTER TABLE `products`
  ADD PRIMARY KEY (`id`),
  ADD KEY `products_user_id_index` (`user_id`);

--
-- Indexes for table `projects`
--
ALTER TABLE `projects`
  ADD PRIMARY KEY (`id`),
  ADD KEY `projects_user_id_index` (`user_id`);

--
-- Indexes for table `reviews`
--
ALTER TABLE `reviews`
  ADD PRIMARY KEY (`id`),
  ADD KEY `reviews_product_id_foreign` (`product_id`);

--
-- Indexes for table `users`
--
ALTER TABLE `users`
  ADD PRIMARY KEY (`id`),
  ADD UNIQUE KEY `users_email_unique` (`email`);

--
-- AUTO_INCREMENT for dumped tables
--

--
-- AUTO_INCREMENT for table `failed_jobs`
--
ALTER TABLE `failed_jobs`
  MODIFY `id` bigint(20) UNSIGNED NOT NULL AUTO_INCREMENT;

--
-- AUTO_INCREMENT for table `migrations`
--
ALTER TABLE `migrations`
  MODIFY `id` int(10) UNSIGNED NOT NULL AUTO_INCREMENT, AUTO_INCREMENT=37;

--
-- AUTO_INCREMENT for table `oauth_clients`
--
ALTER TABLE `oauth_clients`
  MODIFY `id` bigint(20) UNSIGNED NOT NULL AUTO_INCREMENT, AUTO_INCREMENT=3;

--
-- AUTO_INCREMENT for table `oauth_personal_access_clients`
--
ALTER TABLE `oauth_personal_access_clients`
  MODIFY `id` bigint(20) UNSIGNED NOT NULL AUTO_INCREMENT, AUTO_INCREMENT=2;

--
-- AUTO_INCREMENT for table `owners`
--
ALTER TABLE `owners`
  MODIFY `id` bigint(20) UNSIGNED NOT NULL AUTO_INCREMENT, AUTO_INCREMENT=31;

--
-- AUTO_INCREMENT for table `products`
--
ALTER TABLE `products`
  MODIFY `id` bigint(20) UNSIGNED NOT NULL AUTO_INCREMENT, AUTO_INCREMENT=51;

--
-- AUTO_INCREMENT for table `projects`
--
ALTER TABLE `projects`
  MODIFY `id` bigint(20) UNSIGNED NOT NULL AUTO_INCREMENT, AUTO_INCREMENT=21;

--
-- AUTO_INCREMENT for table `reviews`
--
ALTER TABLE `reviews`
  MODIFY `id` bigint(20) UNSIGNED NOT NULL AUTO_INCREMENT, AUTO_INCREMENT=404;

--
-- AUTO_INCREMENT for table `users`
--
ALTER TABLE `users`
  MODIFY `id` bigint(20) UNSIGNED NOT NULL AUTO_INCREMENT, AUTO_INCREMENT=9;
COMMIT;

/*!40101 SET CHARACTER_SET_CLIENT=@OLD_CHARACTER_SET_CLIENT */;
/*!40101 SET CHARACTER_SET_RESULTS=@OLD_CHARACTER_SET_RESULTS */;
/*!40101 SET COLLATION_CONNECTION=@OLD_COLLATION_CONNECTION */;
