-- phpMyAdmin SQL Dump
-- version 4.9.2
-- https://www.phpmyadmin.net/
--
-- Host: 127.0.0.1
-- Generation Time: Apr 24, 2020 at 11:47 AM
-- Server version: 10.4.11-MariaDB
-- PHP Version: 7.4.1

SET SQL_MODE = "NO_AUTO_VALUE_ON_ZERO";
SET AUTOCOMMIT = 0;
START TRANSACTION;
SET time_zone = "+00:00";


/*!40101 SET @OLD_CHARACTER_SET_CLIENT=@@CHARACTER_SET_CLIENT */;
/*!40101 SET @OLD_CHARACTER_SET_RESULTS=@@CHARACTER_SET_RESULTS */;
/*!40101 SET @OLD_COLLATION_CONNECTION=@@COLLATION_CONNECTION */;
/*!40101 SET NAMES utf8mb4 */;

--
-- Database: `e-api`
--

-- --------------------------------------------------------

--
-- Table structure for table `failed_jobs`
--

CREATE TABLE `failed_jobs` (
  `id` bigint(20) UNSIGNED NOT NULL,
  `connection` text COLLATE utf8mb4_unicode_ci NOT NULL,
  `queue` text COLLATE utf8mb4_unicode_ci NOT NULL,
  `payload` longtext COLLATE utf8mb4_unicode_ci NOT NULL,
  `exception` longtext COLLATE utf8mb4_unicode_ci NOT NULL,
  `failed_at` timestamp NOT NULL DEFAULT current_timestamp()
) ENGINE=InnoDB DEFAULT CHARSET=utf8mb4 COLLATE=utf8mb4_unicode_ci;

-- --------------------------------------------------------

--
-- Table structure for table `migrations`
--

CREATE TABLE `migrations` (
  `id` int(10) UNSIGNED NOT NULL,
  `migration` varchar(191) COLLATE utf8mb4_unicode_ci NOT NULL,
  `batch` int(11) NOT NULL
) ENGINE=InnoDB DEFAULT CHARSET=utf8mb4 COLLATE=utf8mb4_unicode_ci;

--
-- Dumping data for table `migrations`
--

INSERT INTO `migrations` (`id`, `migration`, `batch`) VALUES
(1, '2014_10_12_000000_create_users_table', 1),
(2, '2019_08_19_000000_create_failed_jobs_table', 1),
(3, '2020_04_23_025040_create_products_table', 1),
(4, '2020_04_23_031202_create_reviews_table', 1);

-- --------------------------------------------------------

--
-- Table structure for table `products`
--

CREATE TABLE `products` (
  `id` bigint(20) UNSIGNED NOT NULL,
  `name` varchar(191) COLLATE utf8mb4_unicode_ci NOT NULL,
  `detail` text COLLATE utf8mb4_unicode_ci NOT NULL,
  `price` int(11) NOT NULL,
  `stock` int(11) NOT NULL,
  `discount` int(11) NOT NULL,
  `created_at` timestamp NULL DEFAULT NULL,
  `updated_at` timestamp NULL DEFAULT NULL
) ENGINE=InnoDB DEFAULT CHARSET=utf8mb4 COLLATE=utf8mb4_unicode_ci;

--
-- Dumping data for table `products`
--

INSERT INTO `products` (`id`, `name`, `detail`, `price`, `stock`, `discount`, `created_at`, `updated_at`) VALUES
(1, 'et', 'Ratione saepe aut totam voluptatibus doloribus. Placeat perspiciatis odio quae eaque ut qui dolor.', 155, 1, 29, '2020-04-24 02:39:23', '2020-04-24 02:39:23'),
(2, 'sed', 'Ut dolor quam nulla culpa reprehenderit. Quod consequatur sed temporibus hic facilis rerum accusamus. Nobis quas enim tempora dolorem. Culpa nihil qui et cum maxime similique.', 207, 0, 3, '2020-04-24 02:39:23', '2020-04-24 02:39:23'),
(3, 'in', 'Culpa rerum dolores fugit odio consequatur. Asperiores alias beatae ipsam fuga dolorem. Animi corporis maiores accusamus ut quia culpa dolore ad. Veniam molestiae qui ut qui.', 697, 8, 4, '2020-04-24 02:39:23', '2020-04-24 02:39:23'),
(4, 'nulla', 'Et blanditiis maxime at. Omnis quasi sequi labore recusandae autem ut. Cumque labore quo in eos quasi ex quasi.', 475, 9, 23, '2020-04-24 02:39:23', '2020-04-24 02:39:23'),
(5, 'exercitationem', 'Et corporis dolor voluptas in ut qui. Rerum aut sequi iure quas deleniti sed. Consectetur id ut rerum quae fugiat.', 736, 4, 9, '2020-04-24 02:39:23', '2020-04-24 02:39:23'),
(6, 'minima', 'Rem atque qui qui quia omnis. Id aspernatur praesentium dicta cum sit velit aut. Exercitationem ea et dolorem aliquid vel.', 837, 6, 7, '2020-04-24 02:39:23', '2020-04-24 02:39:23'),
(7, 'earum', 'Dolore tempore dolorum cupiditate aut non rerum. Non animi est unde. Impedit voluptatibus nesciunt nam. Ut aut autem nam ratione hic commodi nam.', 575, 2, 25, '2020-04-24 02:39:23', '2020-04-24 02:39:23'),
(8, 'non', 'Numquam et vel quidem sapiente suscipit labore commodi. Aut aut aut consequatur sit cupiditate corrupti voluptatem. Quaerat eos aperiam autem voluptatem. Dolores sit saepe ad hic dolore et.', 392, 6, 7, '2020-04-24 02:39:23', '2020-04-24 02:39:23'),
(9, 'deleniti', 'Earum fugiat ducimus maiores deserunt. Assumenda libero impedit ratione consectetur nemo nam placeat. Explicabo architecto a dolores cumque ut.', 248, 9, 10, '2020-04-24 02:39:24', '2020-04-24 02:39:24'),
(10, 'porro', 'Id assumenda fugit est nam fugiat natus cumque sunt. Porro voluptates nesciunt repudiandae ab. Porro quibusdam distinctio quia facere ut.', 166, 3, 5, '2020-04-24 02:39:24', '2020-04-24 02:39:24'),
(11, 'aut', 'Ipsa repudiandae ea aut totam. Autem adipisci incidunt non porro voluptas facere. Est quia quo dolor dolore perferendis accusantium incidunt. Voluptatem molestias occaecati eum consequatur modi autem. Minima impedit ratione amet blanditiis nostrum rem et.', 593, 1, 5, '2020-04-24 02:39:24', '2020-04-24 02:39:24'),
(12, 'excepturi', 'Sit veniam quia eligendi nihil. Ratione doloribus dicta officiis dolorum consectetur laborum esse suscipit. Quae ut voluptatem tempora.', 706, 3, 11, '2020-04-24 02:39:24', '2020-04-24 02:39:24'),
(13, 'laudantium', 'Inventore suscipit quis commodi quo nemo doloremque consequatur. Et qui optio quis necessitatibus minus. Velit incidunt magnam in modi sit in nemo tempora. Omnis et magni beatae. Laboriosam fugit porro dolore nostrum dolorum nihil quis.', 801, 0, 10, '2020-04-24 02:39:24', '2020-04-24 02:39:24'),
(14, 'quidem', 'Distinctio ullam doloremque voluptates quis. Amet officiis qui expedita debitis nihil et. Totam sit nostrum quibusdam illo laborum cum dolores vero.', 804, 9, 26, '2020-04-24 02:39:24', '2020-04-24 02:39:24'),
(15, 'iusto', 'Molestias accusantium dolorem eum ipsum deleniti ut aperiam libero. Id consequatur sed et nisi. Voluptas aut libero ratione illum est maiores. Nemo non quos magnam maiores architecto nemo.', 277, 0, 14, '2020-04-24 02:39:24', '2020-04-24 02:39:24'),
(16, 'laboriosam', 'Modi autem aut voluptas fuga minus. Asperiores quia quos possimus. Tempora iure veniam fuga quia exercitationem magni soluta magni. Dolor quia aut et iste vitae quis.', 784, 1, 14, '2020-04-24 02:39:24', '2020-04-24 02:39:24'),
(17, 'aliquam', 'Maxime vero ex non quo maxime non. Vero in sint voluptas quo aut quos. Est nobis doloremque exercitationem. Nesciunt iusto praesentium molestiae dolores tempore.', 1000, 6, 16, '2020-04-24 02:39:24', '2020-04-24 02:39:24'),
(18, 'voluptas', 'Nihil molestias harum aperiam veritatis consequatur. Nam et architecto nulla dolorem vel eos. Velit dicta et dolor qui et hic placeat. Deserunt est atque dolores molestias cum magni sit est.', 508, 0, 14, '2020-04-24 02:39:24', '2020-04-24 02:39:24'),
(19, 'quo', 'Autem veniam qui dolores impedit. Culpa dolor eos est. Consectetur sequi nihil non aut quia sint deserunt perferendis.', 139, 5, 4, '2020-04-24 02:39:24', '2020-04-24 02:39:24'),
(20, 'iure', 'Molestias quia reprehenderit quia voluptas nam. Consequatur hic repellendus id beatae ullam. Perferendis saepe error maiores cumque.', 533, 0, 6, '2020-04-24 02:39:24', '2020-04-24 02:39:24'),
(21, 'inventore', 'Consequuntur tempora ut repellendus sed. Mollitia assumenda natus quo a accusamus. Quia praesentium voluptas culpa voluptatem quidem illum.', 308, 2, 14, '2020-04-24 02:39:24', '2020-04-24 02:39:24'),
(22, 'dolorem', 'Dolore autem fuga sit rerum aut non earum. Eligendi quo voluptatem et eos reiciendis perspiciatis. Reiciendis sunt sit voluptas quis.', 165, 8, 29, '2020-04-24 02:39:24', '2020-04-24 02:39:24'),
(23, 'id', 'Illo enim ratione non itaque facere. Nesciunt soluta modi tempora iure dolorem sed facere qui. Iusto harum id ipsam animi et.', 548, 3, 2, '2020-04-24 02:39:24', '2020-04-24 02:39:24'),
(24, 'sed', 'Qui non voluptas accusantium enim ipsum nihil exercitationem quia. Sint sed omnis nihil dignissimos odio. Porro sit saepe rerum ipsum laboriosam voluptates ut.', 885, 0, 12, '2020-04-24 02:39:24', '2020-04-24 02:39:24'),
(25, 'alias', 'Quibusdam incidunt iure iste accusantium dolores. Maiores voluptatibus eum labore consequatur voluptatum.', 948, 4, 21, '2020-04-24 02:39:24', '2020-04-24 02:39:24'),
(26, 'dolores', 'Et est illo consectetur sint voluptatem voluptas voluptatem. Ut aperiam quidem animi expedita quae dolores. Ut ut itaque ab voluptatem mollitia recusandae sint. Molestias modi praesentium molestiae amet ut sint. Illum commodi quis eaque necessitatibus vel omnis.', 639, 3, 28, '2020-04-24 02:39:25', '2020-04-24 02:39:25'),
(27, 'aut', 'Asperiores et exercitationem quasi aut. Et blanditiis alias culpa accusantium. Autem totam eius facere quisquam nulla neque quo.', 863, 6, 30, '2020-04-24 02:39:25', '2020-04-24 02:39:25'),
(28, 'necessitatibus', 'Autem rem omnis accusamus aperiam. Sit asperiores nulla molestiae aut at nemo doloribus sint. Dolorem voluptatum esse quia sunt illo ut.', 902, 0, 9, '2020-04-24 02:39:25', '2020-04-24 02:39:25'),
(29, 'excepturi', 'Perferendis quos eius ullam quaerat consectetur voluptatem. Accusantium rerum ut et est sed voluptatem explicabo sit. Eos vero iusto reprehenderit eum provident aut.', 624, 4, 18, '2020-04-24 02:39:25', '2020-04-24 02:39:25'),
(30, 'est', 'Aut ut doloremque velit quis facilis perferendis quia. In temporibus id iusto eaque fugiat enim illum. Aperiam et enim sit est dolorem ut eum. Et sit neque illo et doloremque ex.', 733, 6, 7, '2020-04-24 02:39:25', '2020-04-24 02:39:25'),
(31, 'eaque', 'Omnis doloribus voluptas quae sed cupiditate doloribus similique quia. Sint voluptatem laborum et quia.', 577, 1, 5, '2020-04-24 02:39:25', '2020-04-24 02:39:25'),
(32, 'placeat', 'Reprehenderit tempore voluptas repellendus quis pariatur omnis delectus. Repudiandae similique hic adipisci et quas quaerat. Dolor ducimus voluptas sequi hic.', 947, 8, 2, '2020-04-24 02:39:25', '2020-04-24 02:39:25'),
(33, 'fugiat', 'Quod odio vero sit iste dignissimos. Autem beatae pariatur officiis accusantium. Nobis ex quibusdam vel dolore.', 475, 2, 30, '2020-04-24 02:39:25', '2020-04-24 02:39:25'),
(34, 'nam', 'Optio dolores aut et mollitia. Totam iure sit nulla quaerat cupiditate temporibus.', 714, 9, 25, '2020-04-24 02:39:25', '2020-04-24 02:39:25'),
(35, 'repellat', 'A dicta nulla expedita non neque sed. A atque eos dolorem non ipsum. Vitae vero quae ipsa nobis.', 674, 7, 7, '2020-04-24 02:39:25', '2020-04-24 02:39:25'),
(36, 'asperiores', 'Voluptas suscipit id corporis aperiam esse saepe voluptas. Consequuntur quo aspernatur aut suscipit qui. Qui quia non nihil illo vel.', 228, 3, 11, '2020-04-24 02:39:25', '2020-04-24 02:39:25'),
(37, 'qui', 'Omnis nostrum qui et delectus sunt. Facere eligendi omnis et vel soluta. Et eos voluptatem fuga quae ex nesciunt.', 341, 3, 14, '2020-04-24 02:39:25', '2020-04-24 02:39:25'),
(38, 'voluptatem', 'Ut et optio aut dolore molestiae consequatur ut. Voluptatibus dicta illo sint accusamus quo aut commodi est. Velit aut sapiente atque odit aut cumque.', 401, 6, 6, '2020-04-24 02:39:25', '2020-04-24 02:39:25'),
(39, 'nisi', 'Sequi explicabo est aut modi quibusdam aut. Dolorem ipsum ut est in maxime sunt optio. Aut repellat nesciunt fugiat accusamus odio. Consequatur soluta nostrum error nihil. Excepturi corrupti quod sapiente eligendi sit ipsa in.', 241, 2, 4, '2020-04-24 02:39:25', '2020-04-24 02:39:25'),
(40, 'cum', 'A quia minima voluptas et et. Placeat dolor ut vel quo id. Hic blanditiis qui numquam dolorem dolorem quo. Alias voluptas quis eum vel omnis aperiam sit voluptatem.', 185, 8, 15, '2020-04-24 02:39:25', '2020-04-24 02:39:25'),
(41, 'consequuntur', 'Adipisci ea nostrum eligendi et doloribus atque. Perspiciatis a non sunt illo qui. Illum perspiciatis consequuntur et laudantium placeat qui. Vitae dolore quia tenetur soluta.', 184, 3, 7, '2020-04-24 02:39:25', '2020-04-24 02:39:25'),
(42, 'culpa', 'Nobis expedita perspiciatis quaerat modi voluptatum neque. Quo et est molestiae est harum. Ut amet officia modi non rem voluptate sunt exercitationem.', 382, 2, 3, '2020-04-24 02:39:25', '2020-04-24 02:39:25'),
(43, 'dolor', 'Et et eaque voluptatum dolore. Ipsum consectetur architecto et sunt possimus. Quia sit eveniet nostrum vero totam est et earum. Fuga omnis in sapiente voluptatibus.', 200, 0, 12, '2020-04-24 02:39:26', '2020-04-24 02:39:26'),
(44, 'aut', 'Rerum id voluptatem sint. Culpa repellendus mollitia possimus et. Ea molestiae voluptatum corporis sunt impedit debitis. Voluptas sed ex est ut.', 908, 9, 11, '2020-04-24 02:39:26', '2020-04-24 02:39:26'),
(45, 'ea', 'Alias sed cumque ad et fugiat debitis vero. Corporis sit commodi nihil. Inventore facere in voluptatem quasi neque. Veniam minima aspernatur corporis itaque dicta fugit sit.', 813, 4, 14, '2020-04-24 02:39:26', '2020-04-24 02:39:26'),
(46, 'ut', 'Magnam sunt inventore dolor eum. Cum possimus numquam modi dolore. Sapiente architecto voluptates animi id.', 871, 8, 9, '2020-04-24 02:39:26', '2020-04-24 02:39:26'),
(47, 'quis', 'Perferendis qui modi modi reiciendis omnis reiciendis tempora. Exercitationem tempora cupiditate sit qui ex quae voluptatem. Reprehenderit enim deserunt accusamus cumque quas id similique. Voluptatum ad et quia optio.', 192, 2, 4, '2020-04-24 02:39:26', '2020-04-24 02:39:26'),
(48, 'quo', 'Quo illum debitis eos sequi similique et dicta. Reprehenderit a at enim quas. Ipsum aut quisquam ut exercitationem eius.', 478, 5, 4, '2020-04-24 02:39:26', '2020-04-24 02:39:26'),
(49, 'consequatur', 'Qui ea sit commodi at eius. Ut adipisci quaerat facere sit aut. Ab pariatur aut voluptates magni. Sapiente et numquam et possimus nostrum omnis corrupti.', 377, 5, 26, '2020-04-24 02:39:26', '2020-04-24 02:39:26'),
(50, 'dolor', 'Rerum numquam tempore dignissimos et non ut. Ad quos repudiandae omnis aperiam porro et. Adipisci maxime expedita velit doloribus facilis minus aut.', 733, 2, 19, '2020-04-24 02:39:26', '2020-04-24 02:39:26');

-- --------------------------------------------------------

--
-- Table structure for table `reviews`
--

CREATE TABLE `reviews` (
  `id` bigint(20) UNSIGNED NOT NULL,
  `product_id` bigint(20) UNSIGNED NOT NULL,
  `customer` varchar(191) COLLATE utf8mb4_unicode_ci NOT NULL,
  `review` text COLLATE utf8mb4_unicode_ci NOT NULL,
  `star` int(11) NOT NULL,
  `created_at` timestamp NULL DEFAULT NULL,
  `updated_at` timestamp NULL DEFAULT NULL
) ENGINE=InnoDB DEFAULT CHARSET=utf8mb4 COLLATE=utf8mb4_unicode_ci;

--
-- Dumping data for table `reviews`
--

INSERT INTO `reviews` (`id`, `product_id`, `customer`, `review`, `star`, `created_at`, `updated_at`) VALUES
(1, 41, 'Karine Wintheiser', 'Dolor cumque voluptatem sunt modi. Ipsa voluptatem qui atque. Saepe suscipit ad ad est enim omnis. Enim assumenda error aut expedita.', 5, '2020-04-24 02:39:26', '2020-04-24 02:39:26'),
(2, 19, 'Johnnie Schoen', 'Eum dolores eum doloremque id. Culpa sequi consectetur totam non. Enim qui dolores quas cumque. Consequatur a sit sit eum.', 4, '2020-04-24 02:39:26', '2020-04-24 02:39:26'),
(3, 49, 'Retha Hoeger', 'Quae magnam quis molestiae alias at corrupti ut. Sed sed ad explicabo reiciendis. Pariatur eius aperiam id molestiae quia id quam. Sunt ut aut magnam ipsum.', 2, '2020-04-24 02:39:27', '2020-04-24 02:39:27'),
(4, 10, 'Jarod Carroll PhD', 'Qui est excepturi soluta ipsa deleniti maxime laudantium. Harum consectetur eveniet atque ad. Itaque ad et nam consequatur consequatur.', 1, '2020-04-24 02:39:27', '2020-04-24 02:39:27'),
(5, 34, 'Dewitt Schmitt', 'Qui reprehenderit itaque repellat at incidunt corrupti. Possimus maiores molestiae exercitationem quia officiis voluptatem delectus suscipit. Magni quia dolores voluptatibus quam.', 1, '2020-04-24 02:39:27', '2020-04-24 02:39:27'),
(6, 35, 'Easter King', 'Numquam sequi iure nobis mollitia modi eius. Excepturi ab ullam architecto. Accusamus qui facere facere eligendi quis.', 2, '2020-04-24 02:39:27', '2020-04-24 02:39:27'),
(7, 15, 'Rosamond Oberbrunner', 'Laborum molestiae sed iste est amet sunt. Molestias quo natus autem et molestias enim quibusdam. Id atque rerum perspiciatis maiores. Cupiditate accusamus eius a non beatae sed nisi.', 2, '2020-04-24 02:39:27', '2020-04-24 02:39:27'),
(8, 50, 'Ena Strosin Sr.', 'Eius cum et quam. Molestiae possimus perferendis perspiciatis autem. Deserunt doloribus molestiae quia aliquid voluptates est autem exercitationem. Beatae quis et ipsum quia quidem rem eos.', 4, '2020-04-24 02:39:27', '2020-04-24 02:39:27'),
(9, 4, 'Theodore Pfannerstill', 'Reiciendis laborum dolore sit voluptas rerum iste omnis ut. Sed minus dicta modi sit. Quaerat eaque molestias placeat laborum. Quia porro illo occaecati eum repellat sed.', 2, '2020-04-24 02:39:27', '2020-04-24 02:39:27'),
(10, 33, 'Lelah Zieme', 'Magnam magni aut dolor sit. Necessitatibus quae voluptatum aut debitis consequatur impedit. Omnis quisquam vel non ut consequatur. Omnis exercitationem qui vel ipsa ut qui modi. Aut reiciendis tempore enim eligendi est.', 2, '2020-04-24 02:39:27', '2020-04-24 02:39:27'),
(11, 39, 'Reta Donnelly', 'Aliquam alias minima voluptates vel nisi magnam. Veritatis et vitae doloremque sed. Suscipit qui architecto sequi sunt voluptatem. Omnis quia sunt necessitatibus sequi beatae.', 1, '2020-04-24 02:39:27', '2020-04-24 02:39:27'),
(12, 20, 'Thurman Marks PhD', 'Et impedit necessitatibus ut doloremque ut id veritatis. Omnis quaerat impedit aliquid neque cupiditate. Cupiditate exercitationem ut temporibus repudiandae itaque harum dolores. Itaque quam exercitationem consequuntur nihil officiis qui quasi.', 0, '2020-04-24 02:39:27', '2020-04-24 02:39:27'),
(13, 31, 'Miss Sylvia Green IV', 'Quos laborum officiis consectetur error. Molestias cumque est provident at. Et est eveniet in magnam ullam distinctio. Optio in unde sed aspernatur minima qui a nihil.', 2, '2020-04-24 02:39:27', '2020-04-24 02:39:27'),
(14, 50, 'Lue Abbott', 'Possimus earum assumenda at. Numquam illo velit et. Nihil eos distinctio eum vitae et rerum magnam et.', 1, '2020-04-24 02:39:27', '2020-04-24 02:39:27'),
(15, 31, 'Prof. Adolph Fay II', 'Laudantium nulla excepturi veniam. Pariatur repudiandae eos ea et. Repellendus dolor dolorem quia vel nobis non ut velit.', 1, '2020-04-24 02:39:27', '2020-04-24 02:39:27'),
(16, 2, 'Mr. Deron Bernhard', 'Iste ea ipsa eligendi labore cum. Iusto libero voluptas quasi ullam recusandae incidunt omnis maxime. Animi dolores quidem voluptates nam.', 2, '2020-04-24 02:39:27', '2020-04-24 02:39:27'),
(17, 39, 'Christ Batz', 'Fuga ut et laborum fugiat. Accusamus est voluptatibus quas reprehenderit enim ipsam quia. Modi voluptate ut facilis maiores.', 1, '2020-04-24 02:39:27', '2020-04-24 02:39:27'),
(18, 10, 'Mr. Hubert Muller', 'Accusamus in aut suscipit. Nulla natus voluptas omnis voluptatem. Quas officiis voluptate sit dolore.', 5, '2020-04-24 02:39:27', '2020-04-24 02:39:27'),
(19, 36, 'Prof. Alene Collins', 'Impedit expedita architecto officiis dolor. Impedit doloribus eaque eum id omnis quisquam. Sit ducimus labore autem qui molestiae.', 5, '2020-04-24 02:39:27', '2020-04-24 02:39:27'),
(20, 6, 'Dr. Evangeline Schmitt Jr.', 'Ut vero quos occaecati eos. Illum et eos non est dicta suscipit quia laudantium. Et aut provident aperiam molestias consequatur odit.', 1, '2020-04-24 02:39:27', '2020-04-24 02:39:27'),
(21, 15, 'River Block', 'Quis corporis itaque placeat ullam enim non eum. Vero molestiae velit magnam ut voluptate et atque. Unde cupiditate facilis fugiat ut aliquid vero.', 5, '2020-04-24 02:39:27', '2020-04-24 02:39:27'),
(22, 14, 'Prof. Joesph Collier I', 'Sequi velit aut expedita unde eos itaque accusantium. Et unde aliquam nulla veniam. Rerum sed et placeat dolorem qui omnis praesentium numquam. Placeat dolore minima pariatur placeat beatae error optio nostrum.', 2, '2020-04-24 02:39:27', '2020-04-24 02:39:27'),
(23, 44, 'Prof. Amos Dietrich V', 'Qui earum iste molestiae veritatis aut enim non praesentium. Provident enim asperiores neque. Ut beatae molestiae nihil ullam placeat sed. Eum nobis est officia est aut minus vitae.', 5, '2020-04-24 02:39:27', '2020-04-24 02:39:27'),
(24, 47, 'Sister Collins DDS', 'Aliquid rem nesciunt sint dolores. Facilis ea quibusdam quia accusantium. Qui et libero tempora ab aut quasi a.', 5, '2020-04-24 02:39:27', '2020-04-24 02:39:27'),
(25, 34, 'Myrtice Rath III', 'Ex doloremque iste ad molestiae tempore. Perferendis occaecati ut et rerum aut laudantium. Delectus debitis quia laboriosam vel quibusdam sit at.', 3, '2020-04-24 02:39:27', '2020-04-24 02:39:27'),
(26, 30, 'Josh Witting', 'Ea qui dolor quia minus alias id ut. Reiciendis quo adipisci fugit explicabo soluta assumenda praesentium.', 1, '2020-04-24 02:39:27', '2020-04-24 02:39:27'),
(27, 11, 'Mr. Jayme Ziemann', 'Nisi omnis provident libero rerum. Explicabo rerum repudiandae illum quo quo. Et aut velit odit quas voluptatem beatae accusantium.', 3, '2020-04-24 02:39:27', '2020-04-24 02:39:27'),
(28, 38, 'Paula Kuhic', 'Vel dolorum non reprehenderit omnis sit dolorum. Sit adipisci voluptatum quo. Ut omnis saepe rem. Delectus est odio vel qui hic a.', 3, '2020-04-24 02:39:27', '2020-04-24 02:39:27'),
(29, 17, 'Prof. Lois Bartoletti I', 'Et itaque ducimus voluptates ut incidunt quasi. Omnis aut illo nostrum est. Ullam explicabo voluptatem a molestiae.', 4, '2020-04-24 02:39:27', '2020-04-24 02:39:27'),
(30, 25, 'Eva Ondricka', 'Rerum ut amet veritatis iure. Ut qui ipsam vitae. Beatae delectus quasi ducimus dolorem deserunt amet est. Qui rem ex omnis qui maxime sit sint.', 1, '2020-04-24 02:39:28', '2020-04-24 02:39:28'),
(31, 32, 'Precious Reilly', 'Sunt ut ut voluptatem laudantium id maiores ab. Dolorem enim expedita nesciunt et aut voluptas. Harum ducimus sunt dicta distinctio non numquam aperiam qui. Maiores temporibus nesciunt dolore itaque iure fugiat.', 4, '2020-04-24 02:39:28', '2020-04-24 02:39:28'),
(32, 14, 'Hermann Rice', 'Non fuga rerum ut. Officia incidunt sunt cupiditate cum fuga. Voluptatibus ut dicta qui quam non. Qui at nam eaque sit et rerum.', 2, '2020-04-24 02:39:28', '2020-04-24 02:39:28'),
(33, 23, 'Kiel Toy', 'At sunt ad quas quo sunt rerum. Quam soluta cum minus aperiam dolorem nemo voluptas veritatis. Sunt et et qui temporibus repudiandae tenetur consequuntur.', 1, '2020-04-24 02:39:28', '2020-04-24 02:39:28'),
(34, 44, 'Mrs. Alessia Bailey', 'Et quae quos veritatis. Natus aut sit ducimus earum et. Delectus architecto vitae fugiat consequatur perspiciatis sed rerum dolores. Natus voluptatem eaque ullam minima rerum.', 5, '2020-04-24 02:39:28', '2020-04-24 02:39:28'),
(35, 3, 'Else Johnston Jr.', 'Hic error non modi. Qui ratione vero omnis fugiat architecto animi placeat. Harum praesentium id distinctio in asperiores nam. Ipsam quasi consequatur numquam in quia sed et.', 5, '2020-04-24 02:39:28', '2020-04-24 02:39:28'),
(36, 39, 'Miss Faye Smith', 'Accusamus optio beatae reiciendis beatae quis est nisi ut. Omnis quia enim voluptas ipsa suscipit. Autem velit pariatur dicta.', 5, '2020-04-24 02:39:28', '2020-04-24 02:39:28'),
(37, 19, 'Alvena Klocko II', 'Non recusandae aut veritatis tempore asperiores reiciendis. Sit soluta adipisci accusantium officia minima animi placeat voluptatum. Voluptates aliquid maxime laborum ut sapiente tempore occaecati maiores.', 0, '2020-04-24 02:39:28', '2020-04-24 02:39:28'),
(38, 34, 'Martine Bailey', 'Sed aut sunt reprehenderit enim laboriosam quis. Praesentium eveniet unde est quas expedita. Assumenda laborum consequatur sequi reprehenderit ducimus.', 2, '2020-04-24 02:39:28', '2020-04-24 02:39:28'),
(39, 9, 'Durward Harris', 'Et vel rerum natus ducimus quis debitis. Quo ea ea nemo molestiae. Magni in voluptates culpa ipsam deserunt nihil nihil quasi.', 2, '2020-04-24 02:39:28', '2020-04-24 02:39:28'),
(40, 11, 'Geo Willms', 'Blanditiis eos velit sunt nulla ex ipsum quod. Amet quas dolore quaerat ut sunt sequi. Ipsum quos fugiat natus repudiandae corrupti laudantium et.', 1, '2020-04-24 02:39:28', '2020-04-24 02:39:28'),
(41, 14, 'Scottie Botsford', 'Suscipit rem est praesentium fugiat et temporibus laboriosam. Quis aspernatur deserunt dolor deleniti minima ea facere itaque. Aspernatur suscipit sunt vel aliquid.', 1, '2020-04-24 02:39:28', '2020-04-24 02:39:28'),
(42, 50, 'Kaitlin D\'Amore', 'Voluptas et amet eos autem. Velit nihil non vitae officia in. Consequatur molestiae non quaerat.', 4, '2020-04-24 02:39:28', '2020-04-24 02:39:28'),
(43, 33, 'Miss Micaela Nienow DVM', 'Est eligendi nisi beatae qui quidem nulla. Doloremque sed dolorem necessitatibus harum et sint.', 4, '2020-04-24 02:39:28', '2020-04-24 02:39:28'),
(44, 41, 'Mr. Liam Dicki', 'Deserunt quia necessitatibus et aliquid quam natus et nam. Nihil velit voluptatibus repellat consequuntur repudiandae eius dolorum maxime. Perferendis quo hic laboriosam ut est dolorum optio tempore.', 5, '2020-04-24 02:39:28', '2020-04-24 02:39:28'),
(45, 14, 'Mr. Erwin Berge DDS', 'Quos saepe quas molestias magni fugit. Nesciunt quibusdam ipsa aut. Ea beatae porro iste ab dolorum.', 5, '2020-04-24 02:39:28', '2020-04-24 02:39:28'),
(46, 22, 'Miss Mable Fritsch V', 'Et laborum possimus vitae. Laborum velit illo odio eius autem aut. Nulla ea nemo ea non laboriosam et.', 0, '2020-04-24 02:39:28', '2020-04-24 02:39:28'),
(47, 33, 'Emmy Koch', 'Magnam ducimus a et nisi ipsam aut iste. Provident qui id occaecati veritatis ea voluptatem et. At ad voluptates voluptas earum.', 4, '2020-04-24 02:39:28', '2020-04-24 02:39:28'),
(48, 26, 'Dr. Jaron Paucek DDS', 'Nam doloremque sequi sit ullam corrupti ut voluptatum. Eaque quia et dolorem rerum molestias beatae praesentium vitae. Odio doloribus velit tenetur vitae.', 2, '2020-04-24 02:39:28', '2020-04-24 02:39:28'),
(49, 43, 'Willard Mayer Sr.', 'Odio quia sed pariatur aut. Dolore quo ad quasi aut fugiat. Distinctio eos officiis nihil voluptatem. Aspernatur harum atque dolor saepe.', 4, '2020-04-24 02:39:28', '2020-04-24 02:39:28'),
(50, 42, 'Maximo West', 'Harum et ut omnis quia. Ipsum officia aperiam est ut. Modi ut autem eius maiores veritatis occaecati numquam deserunt.', 0, '2020-04-24 02:39:28', '2020-04-24 02:39:28'),
(51, 10, 'Fleta Bernier', 'Quo facilis aut et debitis ipsum nihil dolor. Ipsum officiis earum dolor consequatur dolor delectus. Ut repellat consequuntur eos velit assumenda sunt. Corrupti eligendi laborum accusantium molestias et laudantium nam.', 3, '2020-04-24 02:39:29', '2020-04-24 02:39:29'),
(52, 5, 'Prof. Claude Bogan', 'Sit sint iusto voluptatum quos est. Id vel est laboriosam molestias blanditiis nemo. Accusamus est a et repellat soluta vel.', 1, '2020-04-24 02:39:29', '2020-04-24 02:39:29'),
(53, 8, 'Mr. Timmothy Stamm I', 'Veniam dolor doloribus pariatur quas. Soluta enim aut enim magni voluptatibus. Dolor ex reiciendis sunt ipsum et. Perspiciatis qui error fugiat ut hic delectus quia porro.', 0, '2020-04-24 02:39:29', '2020-04-24 02:39:29'),
(54, 23, 'Ms. Leanna McCullough PhD', 'Nihil est aut blanditiis. Assumenda ab quia dolorum soluta. Nisi explicabo voluptatem nesciunt. Nisi nesciunt ad deleniti deleniti.', 0, '2020-04-24 02:39:29', '2020-04-24 02:39:29'),
(55, 35, 'Mrs. Lysanne Koelpin', 'Ut et aut harum rem fugit aperiam. Assumenda quia nulla quis sunt et est. Dolorem nemo itaque ab impedit deleniti nobis dolore.', 0, '2020-04-24 02:39:29', '2020-04-24 02:39:29'),
(56, 26, 'Shane Braun MD', 'Eos mollitia excepturi molestias. Saepe ipsam necessitatibus dolores aliquid omnis. Quos eum aspernatur id voluptatem. Nulla dolor qui labore autem. Molestias sed earum dolores cupiditate.', 4, '2020-04-24 02:39:29', '2020-04-24 02:39:29'),
(57, 18, 'Aiyana Feest', 'Libero assumenda at aspernatur voluptas eum. Cumque quaerat ut voluptatem. Voluptate quas qui est voluptatem. Iure velit accusantium maiores est.', 4, '2020-04-24 02:39:29', '2020-04-24 02:39:29'),
(58, 37, 'Judge Mayer', 'Rerum amet voluptas autem nobis quae perferendis. Itaque itaque consequatur deleniti. Totam incidunt omnis ut doloremque ipsam. Laboriosam culpa voluptas ducimus aliquid ea voluptatem consectetur.', 4, '2020-04-24 02:39:29', '2020-04-24 02:39:29'),
(59, 18, 'Kieran Ferry', 'Quia pariatur et nostrum numquam autem error culpa saepe. Sunt recusandae voluptate non porro cupiditate aperiam magnam est. Sunt nostrum dolor consequuntur nostrum facere vero nam consequatur. Nobis molestiae sit doloremque voluptatum voluptatibus eum illo.', 4, '2020-04-24 02:39:29', '2020-04-24 02:39:29'),
(60, 28, 'Robbie Ryan', 'Doloremque sed officia est molestias voluptatem. Commodi nihil cum expedita enim sed. Possimus fugiat et porro corporis voluptate. Ea labore quod perspiciatis.', 0, '2020-04-24 02:39:29', '2020-04-24 02:39:29'),
(61, 25, 'Prof. Brice Konopelski PhD', 'Sed magnam atque sed. Laudantium accusantium voluptas dicta ipsam impedit ut et. Quas ipsum voluptas doloribus eum sunt.', 3, '2020-04-24 02:39:29', '2020-04-24 02:39:29'),
(62, 20, 'Clint Farrell', 'Totam placeat aut quia in ut. Id id ab necessitatibus corrupti mollitia animi.', 0, '2020-04-24 02:39:29', '2020-04-24 02:39:29'),
(63, 27, 'Margarita Auer', 'Accusantium rerum rerum soluta quo. Illum necessitatibus nihil consequatur aliquam voluptatum optio sapiente. Explicabo illo architecto quo voluptas dolor.', 5, '2020-04-24 02:39:29', '2020-04-24 02:39:29'),
(64, 2, 'Mohammed Murazik', 'Accusamus ut quo sit expedita laboriosam aut ea. Et dolorem et magni autem. A quis excepturi in esse est voluptas et deleniti. Possimus dignissimos dolores tempore repudiandae praesentium ipsum et. Maiores maxime perferendis aut ad doloribus ut.', 0, '2020-04-24 02:39:29', '2020-04-24 02:39:29'),
(65, 50, 'Isabelle Runte', 'Dolor et sed praesentium magnam placeat. Maxime est a voluptas beatae error sit vero. Quod impedit et et eaque saepe. Magnam aut sit quidem ipsam eveniet consequatur.', 4, '2020-04-24 02:39:29', '2020-04-24 02:39:29'),
(66, 9, 'Prof. Dan Crist I', 'Voluptatem vero labore consequatur nobis vitae laborum. Et quia porro sit harum iste expedita. Sit omnis nesciunt fuga. Sed enim magnam et voluptates.', 0, '2020-04-24 02:39:29', '2020-04-24 02:39:29'),
(67, 24, 'Anahi Feil', 'Quia neque sed nihil assumenda. Et nisi fugit sed et dolorum aut impedit. Dolore iusto perferendis perferendis fugit quia.', 3, '2020-04-24 02:39:29', '2020-04-24 02:39:29'),
(68, 27, 'Liza VonRueden', 'Illo quo harum omnis omnis sed velit in. Provident iusto et iste unde ipsam ut omnis. Voluptatem maiores ipsum molestiae et error. Dicta perferendis fuga nostrum ducimus. Delectus expedita quis architecto eum.', 4, '2020-04-24 02:39:29', '2020-04-24 02:39:29'),
(69, 8, 'Justina Blanda', 'Soluta aliquid aliquam placeat est nobis. Soluta delectus qui dolorem expedita. Itaque voluptate corrupti laudantium rerum pariatur cum ea quo.', 3, '2020-04-24 02:39:29', '2020-04-24 02:39:29'),
(70, 15, 'Dr. Nia Witting', 'Et ut totam omnis corrupti et. Sed consequatur eaque molestiae dolorem ea. Excepturi exercitationem provident dolorem sapiente nihil et dolorum.', 4, '2020-04-24 02:39:29', '2020-04-24 02:39:29'),
(71, 46, 'Angelo Okuneva', 'Consequuntur commodi rerum pariatur ut reprehenderit aliquid. Odio doloribus expedita doloremque explicabo. Laborum voluptatem consequatur voluptas veritatis nisi molestiae. Et accusantium praesentium soluta. Animi totam iste minima in eveniet perspiciatis et praesentium.', 0, '2020-04-24 02:39:29', '2020-04-24 02:39:29'),
(72, 34, 'Andre Huels', 'Blanditiis ut exercitationem aut est. At sunt hic dolore. Est ad ut quia amet. Eos ut voluptatem ex facilis veniam qui non sint.', 2, '2020-04-24 02:39:29', '2020-04-24 02:39:29'),
(73, 13, 'Cristian Walter I', 'Deleniti adipisci error alias itaque corporis accusantium deserunt. Laborum ipsam fuga inventore fugit atque porro. Eligendi quis vel quia est perferendis suscipit doloremque sint. Sint est voluptates cumque et.', 4, '2020-04-24 02:39:29', '2020-04-24 02:39:29'),
(74, 22, 'Ulises Wilderman', 'Beatae quas repellat quo et facilis. Aut id rerum quia. Illum iste necessitatibus aliquid ullam possimus cupiditate molestias.', 2, '2020-04-24 02:39:30', '2020-04-24 02:39:30'),
(75, 10, 'Dr. Misty Lindgren III', 'Beatae soluta occaecati consequatur amet. Accusamus ratione aut odit sed. Voluptas ipsa quis sapiente aspernatur.', 3, '2020-04-24 02:39:30', '2020-04-24 02:39:30'),
(76, 1, 'Keenan Prohaska', 'Sit est aut assumenda fuga. Quod quod dolorem et saepe ipsa temporibus. Omnis illum cum facilis et expedita. Et sint dolorum sint aut amet voluptatum non.', 5, '2020-04-24 02:39:30', '2020-04-24 02:39:30'),
(77, 8, 'Julia Quitzon', 'Qui nam ut recusandae tempora minus. Aut expedita asperiores earum cum nulla autem. Omnis omnis consectetur et voluptatum ut voluptatem. Quia a inventore esse molestiae omnis quis quo.', 3, '2020-04-24 02:39:30', '2020-04-24 02:39:30'),
(78, 26, 'Berneice Lesch', 'Dolor velit quia et esse impedit qui delectus. Eveniet blanditiis velit dicta. Aperiam mollitia et odit qui et. Perspiciatis id perferendis cum expedita et.', 1, '2020-04-24 02:39:30', '2020-04-24 02:39:30'),
(79, 36, 'Dr. Maye Osinski', 'Voluptas aut excepturi sint alias doloribus ut pariatur. Vel adipisci aspernatur cupiditate fugiat quibusdam. Ut tempora sequi placeat quis nemo libero.', 0, '2020-04-24 02:39:30', '2020-04-24 02:39:30'),
(80, 23, 'Martin Deckow', 'Nesciunt sunt praesentium iste est. Sapiente soluta dolor ut ratione nobis et at doloribus. Vero repellendus enim amet omnis harum tenetur. Et voluptatem delectus cum sit odit porro.', 2, '2020-04-24 02:39:30', '2020-04-24 02:39:30'),
(81, 4, 'Chester Simonis', 'Voluptas sapiente qui et est. Cumque quos accusamus eveniet sunt. Voluptatem occaecati possimus possimus sed aliquam id.', 4, '2020-04-24 02:39:30', '2020-04-24 02:39:30'),
(82, 18, 'Misty Murphy', 'Pariatur consequuntur blanditiis laboriosam non tenetur. Velit velit fugiat optio est.', 0, '2020-04-24 02:39:30', '2020-04-24 02:39:30'),
(83, 31, 'Mrs. Aniya Ernser', 'Odit assumenda ex maiores numquam repellendus. Non et unde deserunt rem sed quia. Aut et ullam eligendi soluta unde sequi sint.', 0, '2020-04-24 02:39:30', '2020-04-24 02:39:30'),
(84, 29, 'Adella Orn', 'Laborum velit blanditiis ducimus est sit eos. Qui asperiores eaque magnam amet incidunt voluptatem. Excepturi ut ut voluptatum odit ducimus maxime. Dolores ut illum maiores tenetur.', 5, '2020-04-24 02:39:30', '2020-04-24 02:39:30'),
(85, 10, 'Sven Abshire', 'Eos nemo sed quidem est. Et perferendis saepe harum qui beatae quia nobis excepturi. Qui sunt temporibus quisquam aut quasi sed libero.', 1, '2020-04-24 02:39:30', '2020-04-24 02:39:30'),
(86, 26, 'Prof. Crystel Kuphal', 'Quasi esse nemo iure. Ea veritatis optio consequatur odio. Quia est culpa necessitatibus dolorem est. Dolorem accusamus dolorem voluptatem iure voluptatibus quaerat.', 0, '2020-04-24 02:39:30', '2020-04-24 02:39:30'),
(87, 6, 'Prof. Loyal Klein V', 'Quae velit omnis enim velit quisquam et sed. Ducimus eum quod sint impedit. Ea porro et tempore qui ut voluptas.', 5, '2020-04-24 02:39:30', '2020-04-24 02:39:30'),
(88, 1, 'Hannah McDermott', 'Voluptates et voluptate repellendus error magni. Culpa molestiae ratione atque quibusdam. Ut sed non qui quam aut rerum.', 0, '2020-04-24 02:39:30', '2020-04-24 02:39:30'),
(89, 9, 'Nona Stroman', 'Perspiciatis ab ut reprehenderit deserunt explicabo necessitatibus. Amet nam asperiores cumque blanditiis ea accusamus dignissimos quos. Non sed asperiores dolorum.', 3, '2020-04-24 02:39:30', '2020-04-24 02:39:30'),
(90, 25, 'Pansy Cruickshank', 'Assumenda magnam rerum aut amet. Tempora ut rerum totam minus. Tempora odit placeat autem repudiandae praesentium sapiente.', 2, '2020-04-24 02:39:30', '2020-04-24 02:39:30'),
(91, 39, 'Prof. Eladio McKenzie DDS', 'Omnis culpa quam sunt temporibus perferendis. Omnis fuga nam repellat iure porro blanditiis et. Nam distinctio nostrum quam temporibus. Quibusdam et ducimus blanditiis et qui enim.', 1, '2020-04-24 02:39:30', '2020-04-24 02:39:30'),
(92, 38, 'Dr. Luigi Legros DDS', 'Repudiandae maxime suscipit vero veniam at. Consequatur velit eius aut eveniet alias maxime et. Adipisci cupiditate eveniet impedit possimus voluptatem expedita dolore. Fugiat eos magni ab cumque ut dolorem officiis assumenda.', 2, '2020-04-24 02:39:31', '2020-04-24 02:39:31'),
(93, 28, 'Iva Feest', 'Minus quia reiciendis quaerat debitis soluta eum. Eligendi quia eveniet quia consequuntur tempore sapiente. Mollitia doloribus modi quos sed eos quia facere.', 2, '2020-04-24 02:39:31', '2020-04-24 02:39:31'),
(94, 41, 'Clinton Halvorson Sr.', 'Nam accusantium unde alias nemo consequatur et. Et rerum debitis aliquam tempora. Ratione odio amet quis.', 1, '2020-04-24 02:39:31', '2020-04-24 02:39:31'),
(95, 9, 'Jace Franecki', 'Distinctio autem voluptatum quidem exercitationem autem officia repudiandae et. Necessitatibus sint quo error delectus commodi expedita molestias iusto. Voluptatem ut et dolor velit asperiores assumenda. Doloremque sint sit et aliquid cum eius. Sint soluta dolor dolorem nam perspiciatis rerum error.', 0, '2020-04-24 02:39:31', '2020-04-24 02:39:31'),
(96, 24, 'Makenna Lynch', 'Deserunt ea fugiat sint delectus officiis voluptatem soluta voluptatum. Ipsam dolores id molestiae quos et vel.', 0, '2020-04-24 02:39:31', '2020-04-24 02:39:31'),
(97, 22, 'Dessie Langworth PhD', 'Vel totam officiis rerum occaecati eveniet autem adipisci architecto. Facilis explicabo deserunt praesentium reprehenderit. Incidunt vero nihil et maiores.', 2, '2020-04-24 02:39:31', '2020-04-24 02:39:31'),
(98, 37, 'Mr. Stephen Zemlak DVM', 'Earum aspernatur et quam sequi natus numquam. Fuga ipsam ut blanditiis est natus laborum consequatur. Laudantium sit fuga voluptas quisquam quaerat eaque voluptate.', 5, '2020-04-24 02:39:31', '2020-04-24 02:39:31'),
(99, 12, 'Nicholas Hegmann', 'Aliquid enim et voluptatibus. Sit ab velit blanditiis modi occaecati minima. Est fuga sunt neque veritatis saepe ut.', 3, '2020-04-24 02:39:31', '2020-04-24 02:39:31'),
(100, 26, 'Dr. Courtney Erdman II', 'Fugiat dolores aut animi enim. Explicabo voluptatem aliquam excepturi rerum. Culpa vitae beatae ex ut iusto aut vitae.', 0, '2020-04-24 02:39:31', '2020-04-24 02:39:31'),
(101, 50, 'Gussie Feeney', 'Nam iusto placeat doloribus. Rerum est aut odit quae voluptates non eaque. Facilis quisquam molestias ab voluptas molestiae. Officia hic doloremque velit voluptas modi et accusamus.', 0, '2020-04-24 02:39:31', '2020-04-24 02:39:31'),
(102, 13, 'Julie Kuvalis', 'Non quibusdam a quia. Et debitis voluptatibus facere fugiat tempora.', 1, '2020-04-24 02:39:32', '2020-04-24 02:39:32'),
(103, 22, 'Juliana Rempel', 'Et ullam quia ipsum sed reprehenderit ut. Aperiam voluptates est esse minima commodi molestiae. Laborum ab temporibus excepturi doloribus id dolores illum. Ut placeat tenetur et odio.', 4, '2020-04-24 02:39:32', '2020-04-24 02:39:32'),
(104, 35, 'Larry Rodriguez', 'Id distinctio suscipit voluptatem assumenda veritatis repellat. Quam quaerat ut qui laborum. Nam et excepturi quam hic maxime qui dolore itaque. Ut voluptatum non fugit ut.', 1, '2020-04-24 02:39:32', '2020-04-24 02:39:32'),
(105, 25, 'Laurianne Nitzsche', 'Quaerat magnam nihil magni eius dicta. Cupiditate quia excepturi inventore. Eum sequi qui ut sunt saepe. Veniam officiis doloremque saepe maiores vel qui. Quia hic omnis pariatur earum.', 0, '2020-04-24 02:39:32', '2020-04-24 02:39:32'),
(106, 2, 'Euna Lang', 'Veritatis dolorem eos dolores sed alias eum saepe. Distinctio dolores sit eius ut ut repellat id. Omnis omnis autem dolores unde vero.', 3, '2020-04-24 02:39:32', '2020-04-24 02:39:32'),
(107, 31, 'Mrs. Bailee Nitzsche', 'Rerum dolor sunt architecto. Tempora est nisi earum aut. Facere deserunt aut aperiam similique. Suscipit assumenda laudantium ut qui nam ducimus quis.', 0, '2020-04-24 02:39:32', '2020-04-24 02:39:32'),
(108, 28, 'Prof. Elfrieda Labadie MD', 'Et beatae quae nostrum beatae asperiores dolor facere. Ut voluptas quam nam modi. Qui alias saepe consectetur. Beatae hic autem laborum dolore eaque nam.', 3, '2020-04-24 02:39:32', '2020-04-24 02:39:32'),
(109, 6, 'Darrin Harber', 'Est repudiandae voluptas placeat. Corrupti occaecati voluptas minima non modi eveniet.', 2, '2020-04-24 02:39:32', '2020-04-24 02:39:32'),
(110, 39, 'Kendrick Wilkinson', 'Voluptatem nostrum est omnis velit at qui. Optio provident tempora quis. Quam magnam et fuga.', 1, '2020-04-24 02:39:32', '2020-04-24 02:39:32'),
(111, 15, 'Prof. Esteban Hagenes', 'Dolorem quia voluptatibus sapiente et fugiat. Animi qui ullam nulla corporis odio nemo. Earum aut aut et. Minima voluptas necessitatibus saepe dicta neque neque pariatur.', 3, '2020-04-24 02:39:32', '2020-04-24 02:39:32'),
(112, 10, 'Silas Cassin', 'Beatae asperiores repudiandae id nesciunt. Aut sed sed qui a corporis. Ut eos alias dolor qui et optio. At sapiente quasi qui aperiam culpa nesciunt.', 1, '2020-04-24 02:39:32', '2020-04-24 02:39:32'),
(113, 15, 'Kameron Bruen II', 'Quam sint repudiandae fugiat incidunt incidunt quia cupiditate. Eaque beatae facilis corporis nihil. Aut ipsum ipsa harum enim incidunt quidem.', 1, '2020-04-24 02:39:32', '2020-04-24 02:39:32'),
(114, 2, 'Don Raynor I', 'Soluta voluptates quae officiis voluptas iusto. Sed facilis et optio eos. Dolorem voluptate laboriosam rerum voluptatum veniam inventore. Enim est voluptatum qui quibusdam.', 0, '2020-04-24 02:39:32', '2020-04-24 02:39:32'),
(115, 39, 'Miss Luz Ortiz', 'Est id repudiandae eum animi omnis nobis sunt. Sunt iste porro sapiente laudantium doloribus et. Et enim accusantium et fuga facilis.', 5, '2020-04-24 02:39:32', '2020-04-24 02:39:32'),
(116, 35, 'Morton Becker', 'Rerum vero voluptatem libero ea dolorum vero. Ullam blanditiis et quibusdam quam est. Temporibus maiores corrupti porro qui.', 1, '2020-04-24 02:39:32', '2020-04-24 02:39:32'),
(117, 24, 'Emiliano Gislason', 'Est reprehenderit nulla sit delectus voluptas libero molestiae. Dolores sed unde reiciendis laboriosam et sit.', 0, '2020-04-24 02:39:32', '2020-04-24 02:39:32'),
(118, 31, 'Julius Adams', 'Commodi deleniti sequi non numquam illum aut repellat et. Earum possimus doloribus sapiente et. Similique rerum ipsum est tempora nostrum beatae voluptas nemo.', 0, '2020-04-24 02:39:32', '2020-04-24 02:39:32'),
(119, 42, 'Sadye Cummerata IV', 'Sapiente cupiditate nisi autem illo. Aut et aut est non repellendus et. Eos delectus est sed neque saepe.', 4, '2020-04-24 02:39:32', '2020-04-24 02:39:32'),
(120, 9, 'Miss Anne Runolfsson Jr.', 'In fuga libero consequuntur non modi enim. Perspiciatis ut tenetur dolorem nemo sit. Velit numquam id eum impedit voluptas. Qui at atque voluptatem ad non quis.', 2, '2020-04-24 02:39:33', '2020-04-24 02:39:33'),
(121, 42, 'Jason Bashirian', 'Ipsam omnis quis est vitae. Atque perferendis pariatur ut. Eos numquam et aut incidunt et vel. Corporis sit atque aut quibusdam rerum harum.', 3, '2020-04-24 02:39:33', '2020-04-24 02:39:33'),
(122, 42, 'Unique Mueller', 'Incidunt quis distinctio et voluptas. Dignissimos deleniti repellendus quisquam amet. Omnis accusantium tenetur libero placeat.', 2, '2020-04-24 02:39:33', '2020-04-24 02:39:33'),
(123, 46, 'Ms. Drew Lebsack', 'Officiis ullam labore dolor expedita magni. Vitae fugiat aut officia aut occaecati voluptates ea. Excepturi aut sit consequuntur ea. Aperiam ratione dolor sint minima iste.', 2, '2020-04-24 02:39:33', '2020-04-24 02:39:33'),
(124, 7, 'Dr. Daphney Torp', 'Sed iusto nihil occaecati sunt. Dolorem ab repellat repellendus modi ut aspernatur et et.', 4, '2020-04-24 02:39:33', '2020-04-24 02:39:33'),
(125, 32, 'Prof. Antonia Aufderhar II', 'At consectetur quis earum quae laboriosam dolores. Expedita ut enim ut et repellat. In expedita eos pariatur labore. Placeat et qui eos adipisci labore.', 1, '2020-04-24 02:39:33', '2020-04-24 02:39:33'),
(126, 50, 'Shemar Schamberger', 'Sit ut ea suscipit magni magni aperiam aliquam. Placeat tempore qui et quis eos. Numquam nulla sunt aut id ipsum.', 0, '2020-04-24 02:39:33', '2020-04-24 02:39:33'),
(127, 45, 'Dr. Kristofer Fay', 'Animi fuga eos iusto. Eos omnis velit corporis amet placeat velit quia. Qui doloribus et eum consequatur nihil. Perferendis et distinctio numquam qui sunt reiciendis ratione.', 5, '2020-04-24 02:39:33', '2020-04-24 02:39:33'),
(128, 34, 'Prof. Marielle Wuckert II', 'Reprehenderit ut aut doloribus quis non autem nihil. Blanditiis ab similique itaque. Facere minima dolore quia voluptatem. Corporis et ipsa voluptatibus et. Nam earum perferendis voluptatibus qui velit cum.', 5, '2020-04-24 02:39:33', '2020-04-24 02:39:33'),
(129, 2, 'Gayle Rath', 'Totam ut placeat animi non et. Enim fugit error nesciunt quod. Nulla laboriosam in omnis laborum amet et.', 2, '2020-04-24 02:39:33', '2020-04-24 02:39:33'),
(130, 21, 'Chauncey Weimann', 'Perferendis et rerum voluptate enim. Distinctio ad dolores quis perspiciatis modi vitae placeat. Saepe in suscipit magnam dolor ducimus eum consequuntur.', 2, '2020-04-24 02:39:33', '2020-04-24 02:39:33'),
(131, 2, 'Cordell Rice', 'Ut ut dolores deserunt fuga assumenda. Animi provident eos doloremque veniam.', 0, '2020-04-24 02:39:33', '2020-04-24 02:39:33'),
(132, 8, 'Lafayette O\'Reilly II', 'Laborum voluptate est dolorem delectus reiciendis praesentium rem. Provident optio aliquam qui nemo sit aut. Aut enim exercitationem quia animi neque autem.', 1, '2020-04-24 02:39:33', '2020-04-24 02:39:33'),
(133, 29, 'Sonia Konopelski', 'Voluptatem qui ea et. Dolores repudiandae itaque dolores libero ut. Sapiente quia praesentium labore alias deleniti corrupti facilis voluptates. Nisi possimus blanditiis omnis non necessitatibus sit.', 0, '2020-04-24 02:39:34', '2020-04-24 02:39:34'),
(134, 34, 'Prof. Pearl Crist MD', 'Quis amet optio quibusdam optio nostrum autem. In laborum deleniti nihil dignissimos quam dolorum et.', 2, '2020-04-24 02:39:34', '2020-04-24 02:39:34'),
(135, 50, 'Dr. Fabian Robel', 'Quia voluptatem sunt magnam ut. Doloremque itaque dolorem dignissimos est et ea. Esse odit doloribus ratione et delectus iure.', 0, '2020-04-24 02:39:34', '2020-04-24 02:39:34'),
(136, 18, 'Edmond Jast', 'Esse consequatur excepturi illo repellat qui. Iure omnis nobis laboriosam quo quidem velit sed. Quo qui voluptatem voluptates qui. Et iusto maxime fugit mollitia maiores perferendis deserunt.', 0, '2020-04-24 02:39:34', '2020-04-24 02:39:34'),
(137, 18, 'Mr. Brayan Robel DDS', 'Unde quaerat veritatis odio dolor totam. Quas dolorem necessitatibus nulla similique itaque iste porro. Et nihil temporibus quia. Dolorum nesciunt nam distinctio dolor impedit assumenda.', 2, '2020-04-24 02:39:34', '2020-04-24 02:39:34'),
(138, 45, 'Brennan Mante', 'Aspernatur pariatur qui aliquid odio repellat. Voluptates amet enim quo qui nobis sed cupiditate. Veniam deserunt a at libero.', 3, '2020-04-24 02:39:34', '2020-04-24 02:39:34'),
(139, 31, 'Selena Rau', 'Totam aut quia facere ut magnam necessitatibus. Qui non quas magni. Dolores quia eos aperiam ut. Debitis maiores est voluptatibus incidunt id sit.', 5, '2020-04-24 02:39:34', '2020-04-24 02:39:34'),
(140, 21, 'Ernesto Oberbrunner', 'At ratione placeat mollitia sapiente magni ut rerum delectus. Praesentium aut ratione architecto assumenda repudiandae. Officia corrupti magnam eius necessitatibus.', 3, '2020-04-24 02:39:34', '2020-04-24 02:39:34'),
(141, 47, 'Jazlyn Swaniawski', 'Et quisquam eos nam aut eum doloribus consequatur. Omnis aut omnis quia esse consequatur et rerum odio. Soluta ipsa non quaerat maxime quos reprehenderit dolorem.', 3, '2020-04-24 02:39:34', '2020-04-24 02:39:34'),
(142, 36, 'Dr. Alayna Yundt', 'Dolor recusandae est est consequatur. Facere est non repellat dicta exercitationem rerum. Fugiat cum repellendus totam facere eos.', 4, '2020-04-24 02:39:34', '2020-04-24 02:39:34'),
(143, 5, 'Justice Ruecker', 'Eos autem velit veritatis et similique illo. Occaecati architecto harum sit voluptatem quibusdam. Ipsa dolores iure quis expedita minus.', 4, '2020-04-24 02:39:34', '2020-04-24 02:39:34'),
(144, 45, 'Damian Schowalter', 'Alias temporibus nihil minus quidem veritatis quam. Illo quis dolores quod qui nihil. Possimus nihil eaque facilis dolorem rerum iusto et. Et est ex consequatur velit autem.', 0, '2020-04-24 02:39:34', '2020-04-24 02:39:34'),
(145, 27, 'Leonie Hintz', 'Sed qui ipsum ut animi nisi repellendus incidunt. At ipsam voluptatibus quo quia quaerat. Veritatis consequatur ut nesciunt amet repudiandae iste. Sed perferendis aut veniam nisi nulla velit.', 5, '2020-04-24 02:39:34', '2020-04-24 02:39:34'),
(146, 6, 'Rashawn Gleason', 'Amet est laboriosam sed quis quae architecto. Optio id quo et aut quo dolores aut excepturi. Est quam rem fuga aut. Odit dolores omnis quaerat perferendis ullam non ducimus.', 3, '2020-04-24 02:39:34', '2020-04-24 02:39:34'),
(147, 37, 'Candice Kohler MD', 'Occaecati illum quae et distinctio. Minima adipisci odit illum nam modi eos. In et sed et.', 2, '2020-04-24 02:39:34', '2020-04-24 02:39:34'),
(148, 35, 'Alphonso Mertz Sr.', 'Veniam fugiat quia est quos officiis eos quia. Est fugit voluptatem delectus soluta ut veniam quam sunt. Laudantium omnis perferendis quisquam possimus numquam. Nemo suscipit porro quaerat similique.', 2, '2020-04-24 02:39:34', '2020-04-24 02:39:34'),
(149, 13, 'Lily Eichmann DVM', 'Quia voluptate iusto voluptatum animi omnis et officiis debitis. Est repudiandae incidunt commodi. In veritatis ab earum soluta sed.', 4, '2020-04-24 02:39:34', '2020-04-24 02:39:34'),
(150, 6, 'Issac Fahey', 'Enim omnis ut voluptatem dicta eum tenetur. Dolores et nostrum ipsa voluptate nihil.', 1, '2020-04-24 02:39:34', '2020-04-24 02:39:34'),
(151, 43, 'Lupe Weimann', 'Quo numquam et alias deleniti dolorum totam. Ratione qui ad voluptatem doloremque modi. Ut voluptates dolorem quia et nam dignissimos.', 1, '2020-04-24 02:39:34', '2020-04-24 02:39:34'),
(152, 1, 'Johnnie Brown', 'Beatae dolore ut eos nulla vel. Aut qui illo quo id illum a. Dolor officiis dolore laudantium id voluptatem ad.', 4, '2020-04-24 02:39:34', '2020-04-24 02:39:34'),
(153, 49, 'Alessia Friesen', 'Facere cumque laudantium vero commodi in unde amet eos. Adipisci incidunt est et temporibus. Autem enim illo delectus iusto et qui omnis in.', 3, '2020-04-24 02:39:34', '2020-04-24 02:39:34'),
(154, 32, 'Damian Hahn', 'Soluta saepe in sint aut. Porro laudantium odio aut veniam. Officia et magnam dolore eos et. Alias debitis aliquid consequatur rerum fuga.', 2, '2020-04-24 02:39:34', '2020-04-24 02:39:34'),
(155, 15, 'Henderson Erdman', 'Rerum blanditiis cum eveniet aut omnis. Architecto rerum officia culpa eos at. Consectetur possimus expedita a voluptas deserunt ipsam qui omnis. Eius doloremque modi a labore vero in.', 4, '2020-04-24 02:39:34', '2020-04-24 02:39:34'),
(156, 42, 'Monroe Kuhic IV', 'Esse esse nulla eum eaque. Distinctio corrupti nulla ut quae quo officiis ut. Perferendis quasi voluptates error voluptatem voluptas rerum quas. Nam et fugit quae similique ut deleniti.', 1, '2020-04-24 02:39:35', '2020-04-24 02:39:35'),
(157, 3, 'Mikayla Schuster', 'Fugit est aut est tempore rerum. Quas earum earum asperiores. Ducimus autem excepturi deserunt voluptatem sequi. Et quaerat excepturi esse ipsa voluptatem molestiae perferendis.', 0, '2020-04-24 02:39:35', '2020-04-24 02:39:35'),
(158, 49, 'Nikita Walter IV', 'Ad quo eius minima dolores aliquam minus. Voluptatum non ea minima omnis tempora animi. Doloremque et aut est distinctio rem et quia.', 3, '2020-04-24 02:39:35', '2020-04-24 02:39:35'),
(159, 1, 'Prof. Ladarius Beatty', 'Ex consequatur illo rem eum saepe. Vitae veniam repellendus et. Nemo maiores minima odio numquam. Molestiae deserunt ea et delectus.', 1, '2020-04-24 02:39:35', '2020-04-24 02:39:35'),
(160, 12, 'Kayleigh Langworth', 'Similique voluptates est praesentium ab dolores. Vel assumenda quas nam inventore quibusdam sed ratione. Officiis quia velit dignissimos veritatis. Est laborum eligendi provident autem sed facere aliquam.', 5, '2020-04-24 02:39:35', '2020-04-24 02:39:35'),
(161, 19, 'Dr. Haven Bartell Jr.', 'Ipsum cum assumenda corrupti accusamus illo hic. Voluptas in corrupti consequuntur. Amet velit illum ducimus aut nulla consequatur. Numquam dignissimos ducimus facere aut sapiente.', 5, '2020-04-24 02:39:35', '2020-04-24 02:39:35'),
(162, 36, 'Mr. Reynold Littel', 'Corrupti dolor architecto odit et. Repudiandae expedita cum officia minus eligendi unde iusto. Non dolorem dolores ipsam dolores iste nostrum repudiandae consequuntur. Nulla ratione voluptates dolorem.', 3, '2020-04-24 02:39:35', '2020-04-24 02:39:35'),
(163, 7, 'Bethany Gleichner', 'Consequatur omnis eos aut rerum quia. Aperiam rerum est consectetur vitae est itaque. Omnis delectus quia provident autem ut. Quibusdam in et architecto iure consequatur omnis adipisci quia.', 1, '2020-04-24 02:39:35', '2020-04-24 02:39:35'),
(164, 25, 'Tyrel Murphy', 'Labore numquam ut ea voluptatum ut voluptas molestiae. Dolores perspiciatis molestiae sed ipsam quis optio et nobis. Consequatur officiis quia officiis officia ex reprehenderit. Aut rerum amet numquam quia debitis inventore maiores voluptatibus. Est voluptates non laudantium similique.', 1, '2020-04-24 02:39:35', '2020-04-24 02:39:35'),
(165, 41, 'Mckenna Cronin', 'Qui reiciendis et iste nobis commodi qui ipsum. Eum iusto sed veniam cum maxime in est. Porro porro quidem rerum ipsam rerum aut in.', 5, '2020-04-24 02:39:35', '2020-04-24 02:39:35'),
(166, 31, 'Tyrique Dooley', 'Magni qui qui quo. Ipsa nihil eum aut libero voluptates dolor aliquid. Repellat voluptatibus et qui enim. Sapiente laudantium incidunt aut laborum quibusdam voluptatem.', 4, '2020-04-24 02:39:35', '2020-04-24 02:39:35'),
(167, 27, 'Aubrey Shanahan', 'Et ipsam et omnis consequatur cum. Placeat et possimus commodi natus vel perferendis. Facilis omnis omnis ut quae.', 3, '2020-04-24 02:39:35', '2020-04-24 02:39:35'),
(168, 15, 'Dr. Dino Sanford', 'Quasi harum consequatur qui necessitatibus. Dolorem repellat voluptatem ducimus itaque. Quis eos sunt ad rerum non voluptatem explicabo. Voluptatem et porro quaerat atque.', 1, '2020-04-24 02:39:35', '2020-04-24 02:39:35'),
(169, 49, 'Carolina Collier', 'Et id deserunt officia cumque voluptas. Tempore architecto doloribus quae iste. Quae sequi totam eum officia quae corrupti voluptatem.', 5, '2020-04-24 02:39:35', '2020-04-24 02:39:35'),
(170, 49, 'Kamille Romaguera', 'Id ea rerum autem reprehenderit rerum. Velit quaerat voluptatem omnis.', 4, '2020-04-24 02:39:35', '2020-04-24 02:39:35'),
(171, 24, 'Noble Treutel', 'Consequatur adipisci blanditiis voluptas laboriosam vel saepe est. Inventore consectetur fugit est autem ullam architecto ut. Animi error sed ducimus tenetur. Praesentium dolores sit cumque.', 5, '2020-04-24 02:39:35', '2020-04-24 02:39:35'),
(172, 31, 'Edwin Terry', 'Consequatur ea illo modi itaque tempora aut qui. Eaque necessitatibus eos quis autem. Sint est est tempora modi omnis harum. Enim asperiores nulla a natus quo et.', 4, '2020-04-24 02:39:35', '2020-04-24 02:39:35'),
(173, 42, 'Jazmyn Haag', 'Culpa sunt voluptatum accusamus tempore cumque reiciendis. Animi nihil voluptate illum sunt atque veritatis. Illo est similique qui totam asperiores dolorem.', 5, '2020-04-24 02:39:35', '2020-04-24 02:39:35'),
(174, 32, 'Sheridan Larkin', 'Accusantium dolores eos distinctio dolores adipisci impedit. Et esse et est vero pariatur.', 5, '2020-04-24 02:39:35', '2020-04-24 02:39:35'),
(175, 23, 'Jerald Zboncak', 'Id at sequi quisquam. Enim hic neque cupiditate maiores. Id quia rerum eos mollitia ipsum.', 1, '2020-04-24 02:39:35', '2020-04-24 02:39:35'),
(176, 43, 'Mr. Oscar Mayer DDS', 'Sequi provident vel nostrum dicta nihil earum ullam. Ea eaque illo provident. Dolorem reiciendis aut corrupti occaecati voluptas quas qui autem.', 3, '2020-04-24 02:39:35', '2020-04-24 02:39:35'),
(177, 18, 'Dr. Vernon Schumm', 'Repudiandae totam odio delectus aut. Laudantium quod sit earum. Rerum temporibus praesentium magnam eos fugiat atque. Illum velit architecto eum voluptas et ipsam deserunt.', 4, '2020-04-24 02:39:36', '2020-04-24 02:39:36'),
(178, 45, 'Carolanne Stark', 'Esse perspiciatis recusandae nemo ipsa delectus est fugiat. Ullam dignissimos architecto voluptatum molestiae nulla. Repellendus expedita est aut dolore. Veniam ducimus odit quas maxime quos magnam quam.', 2, '2020-04-24 02:39:36', '2020-04-24 02:39:36'),
(179, 41, 'Bennie Considine', 'Sit sit quos molestiae fugiat aut et enim. Aperiam iste consequuntur cupiditate earum nobis. Deserunt occaecati voluptatem impedit eum. Animi quia rerum minus repudiandae.', 0, '2020-04-24 02:39:36', '2020-04-24 02:39:36'),
(180, 28, 'Prof. Gregory Farrell II', 'Ut culpa atque sequi reiciendis sunt. Deleniti adipisci voluptas corrupti omnis voluptas consequatur blanditiis. Sed asperiores natus molestiae illo.', 4, '2020-04-24 02:39:36', '2020-04-24 02:39:36'),
(181, 2, 'Jane Bradtke', 'Error sint et soluta accusantium expedita dolore totam. Qui sed dolorem tempore est enim dolorum exercitationem sed. Aut molestiae fugiat est voluptas officiis occaecati tenetur.', 4, '2020-04-24 02:39:36', '2020-04-24 02:39:36'),
(182, 19, 'Sunny Collins', 'Consequatur deleniti neque minus quia. Autem soluta voluptatem illum. Et impedit nesciunt ut placeat et est. Dignissimos nisi sint natus quidem unde amet.', 4, '2020-04-24 02:39:36', '2020-04-24 02:39:36'),
(183, 19, 'Edna Legros MD', 'Eos ut temporibus eum magni consectetur magnam aperiam soluta. Enim eius et eaque. Expedita harum quae nobis incidunt ratione.', 5, '2020-04-24 02:39:36', '2020-04-24 02:39:36'),
(184, 20, 'Norwood Berge', 'Impedit accusantium maiores enim enim eius. Ipsam laborum itaque qui ipsa occaecati dolor perspiciatis. Voluptatem quo aliquid voluptatem asperiores ad labore minus. Quis sint ut est et accusamus id et veniam.', 1, '2020-04-24 02:39:36', '2020-04-24 02:39:36'),
(185, 18, 'Nathan Rutherford', 'Itaque qui facere mollitia delectus veniam eveniet qui et. Sit consequatur perspiciatis at asperiores explicabo rerum non. Qui voluptatum voluptas eos est ipsa saepe in. Et sit pariatur excepturi aut optio officia consectetur.', 4, '2020-04-24 02:39:36', '2020-04-24 02:39:36'),
(186, 16, 'Kristofer Kihn', 'Commodi eius facilis doloremque voluptatem iste. Quia ut suscipit magni culpa. Saepe quia ut nemo. Dolorem aut possimus possimus veniam. Eaque enim dignissimos in reprehenderit tempora doloribus consequatur.', 2, '2020-04-24 02:39:36', '2020-04-24 02:39:36'),
(187, 41, 'Prof. Toby Hill', 'Error at distinctio error eum facilis. Accusamus maxime nam optio libero ut ut maxime.', 0, '2020-04-24 02:39:36', '2020-04-24 02:39:36'),
(188, 29, 'Juanita Mitchell', 'Aspernatur qui adipisci iste at provident magni qui qui. Aliquid cumque amet explicabo voluptate nesciunt. Nostrum in veniam dolorem illum et mollitia.', 1, '2020-04-24 02:39:36', '2020-04-24 02:39:36'),
(189, 18, 'Mr. Geoffrey Goldner', 'Veritatis laboriosam ut non inventore minus doloremque. Aut sunt consequatur aperiam enim aut voluptas. Accusantium voluptatem at tenetur inventore illo rerum quia.', 2, '2020-04-24 02:39:36', '2020-04-24 02:39:36'),
(190, 32, 'Macey Padberg', 'Illum quos dolorem enim reiciendis doloremque molestiae. Reiciendis autem harum deleniti animi quo debitis rem sit. Quis doloremque et id sit omnis atque dolor.', 0, '2020-04-24 02:39:36', '2020-04-24 02:39:36'),
(191, 11, 'Quinn Wilkinson', 'Earum non ut assumenda ut aspernatur sint. Et porro blanditiis quibusdam voluptas. Soluta et ut consequuntur maxime. Velit deleniti voluptatem quod magnam.', 5, '2020-04-24 02:39:36', '2020-04-24 02:39:36'),
(192, 49, 'Alta Treutel', 'Quia aliquid similique dolore nobis ad molestiae. Sunt qui dolor architecto in repellendus. Vel rerum tempore nemo voluptas aut sint possimus. Perferendis saepe cupiditate animi omnis consequatur vero veritatis.', 1, '2020-04-24 02:39:36', '2020-04-24 02:39:36'),
(193, 50, 'Vincenzo Hermann', 'Vitae fugiat dicta adipisci reiciendis alias dolores quos. Sed et et in est. Nulla fuga doloremque veritatis in suscipit et. Atque voluptas optio laudantium placeat ipsum.', 1, '2020-04-24 02:39:36', '2020-04-24 02:39:36'),
(194, 4, 'Dianna Schinner', 'Corrupti eveniet ullam et sint cupiditate. Delectus assumenda ipsa nostrum ut velit. Quae similique sequi esse facilis. Quod consequuntur porro quisquam.', 0, '2020-04-24 02:39:36', '2020-04-24 02:39:36'),
(195, 24, 'Gavin Murphy', 'Est voluptas qui velit nihil ea porro. Aperiam est architecto dolores fugit consequuntur necessitatibus. Fuga nesciunt architecto aut architecto repellat modi quasi. Praesentium voluptatem laboriosam a eos quia excepturi animi.', 0, '2020-04-24 02:39:36', '2020-04-24 02:39:36'),
(196, 22, 'Hallie Klein', 'Eos temporibus repellendus quaerat vel placeat dignissimos minima corporis. Quos dolorum voluptate porro tenetur quia nam ab. Numquam et consectetur vitae fuga et. Vel praesentium occaecati debitis.', 3, '2020-04-24 02:39:36', '2020-04-24 02:39:36'),
(197, 28, 'Mr. Jimmy Cruickshank', 'Eveniet tempore fugiat molestias molestiae nobis odit sunt et. Dolorum ut illo doloremque accusamus aliquam totam accusamus.', 1, '2020-04-24 02:39:36', '2020-04-24 02:39:36'),
(198, 3, 'Zita Thiel', 'Et dolore quam ut eaque. Corrupti nam et quas ad. Inventore quis doloremque nihil voluptas.', 2, '2020-04-24 02:39:36', '2020-04-24 02:39:36'),
(199, 8, 'Dr. Ahmed Mitchell', 'Saepe est et aut voluptas provident. Et et ullam ipsum. Dolores eius sed necessitatibus possimus.', 5, '2020-04-24 02:39:36', '2020-04-24 02:39:36'),
(200, 16, 'Mr. Fermin Glover DVM', 'Nulla debitis facilis adipisci sit et nihil est. Voluptatem quas labore culpa magni ab aut blanditiis. Nostrum nostrum et ut assumenda.', 1, '2020-04-24 02:39:36', '2020-04-24 02:39:36'),
(201, 34, 'Mr. Xzavier Cronin I', 'Est quia exercitationem officiis placeat minus nobis. Autem repellat reprehenderit eum suscipit sequi fugit quis. Repellendus et occaecati et eum velit similique. Inventore aliquid quis explicabo corrupti esse eum.', 4, '2020-04-24 02:39:36', '2020-04-24 02:39:36'),
(202, 18, 'Prof. Oda Maggio IV', 'Dolore earum et molestiae est quo quo cum illo. Quisquam similique esse ex odit. Quia quia libero nisi ipsa sed provident. Laborum in quo et qui. Quis ipsum perspiciatis qui voluptatem rerum beatae nisi dolores.', 1, '2020-04-24 02:39:36', '2020-04-24 02:39:36'),
(203, 50, 'Mrs. Ella Mueller', 'Quae aperiam ullam natus odio deserunt aliquam repellendus. Ipsum dolore quo est debitis non. Ut aperiam facere ratione eius asperiores.', 1, '2020-04-24 02:39:36', '2020-04-24 02:39:36'),
(204, 23, 'Mr. Aidan McGlynn', 'Quis excepturi porro reiciendis iure id cumque iusto. Voluptas nesciunt nisi id dolorum rerum culpa esse. Sit aperiam fugit nemo. Voluptates quis at sunt sed modi.', 5, '2020-04-24 02:39:36', '2020-04-24 02:39:36'),
(205, 8, 'Destiny Becker PhD', 'Amet adipisci velit molestias eveniet. Quia sit animi molestiae accusamus. Quaerat quia quia consectetur non temporibus tenetur. Mollitia est amet aperiam. Beatae quia quas natus incidunt.', 5, '2020-04-24 02:39:36', '2020-04-24 02:39:36'),
(206, 1, 'Moises Harber II', 'Tempora sit corporis consequatur est ducimus. Asperiores dolores iure possimus mollitia. Minus eius velit voluptates ipsa beatae. Molestias libero iste dolorem libero sed cupiditate.', 4, '2020-04-24 02:39:37', '2020-04-24 02:39:37'),
(207, 38, 'Mr. Trenton Wiegand III', 'Officia et fugit earum pariatur adipisci excepturi. Consectetur voluptas accusamus neque placeat voluptatum consequatur vitae ullam. Ut incidunt explicabo et aut odio voluptate ad ut.', 5, '2020-04-24 02:39:37', '2020-04-24 02:39:37'),
(208, 2, 'Alberta Lang', 'Ea vel rerum illum ut possimus. Optio doloremque quidem reiciendis laborum distinctio. Omnis dolores vel excepturi voluptatem in delectus doloribus dolor. Sunt sed dolores in suscipit harum ut repudiandae non.', 2, '2020-04-24 02:39:37', '2020-04-24 02:39:37'),
(209, 38, 'Serena Von', 'Unde aut accusantium eaque officiis repudiandae sequi eum. Nulla consequatur et illum delectus modi. Enim error cupiditate ab aliquid dignissimos deleniti voluptate et.', 0, '2020-04-24 02:39:37', '2020-04-24 02:39:37'),
(210, 24, 'Weston Bradtke', 'Eveniet ipsam sit commodi magnam est. Porro laudantium quidem sunt voluptatem omnis dolore. Ut voluptate vitae at eos omnis ducimus ut. Blanditiis voluptas omnis enim non quis. Deleniti voluptatem autem ex illum non vero.', 4, '2020-04-24 02:39:37', '2020-04-24 02:39:37'),
(211, 11, 'Ms. Jammie Stark', 'Ducimus ab ducimus consequatur exercitationem aliquid amet sed. Est quidem et perferendis voluptatem recusandae in. Saepe id quisquam quidem est.', 5, '2020-04-24 02:39:37', '2020-04-24 02:39:37'),
(212, 23, 'Dr. Orrin Beer MD', 'Natus delectus officia dolor eveniet. Cum voluptas sint non. Quia excepturi repellendus nam dolor molestiae vel non tenetur.', 2, '2020-04-24 02:39:37', '2020-04-24 02:39:37');
INSERT INTO `reviews` (`id`, `product_id`, `customer`, `review`, `star`, `created_at`, `updated_at`) VALUES
(213, 27, 'Evert Haley I', 'Corporis ex iste accusamus libero consectetur. Eius dolores debitis sequi minima mollitia dolores. Ut voluptatibus odio et numquam. Voluptas quas possimus consectetur nostrum at aliquid.', 2, '2020-04-24 02:39:37', '2020-04-24 02:39:37'),
(214, 3, 'Miss Hettie Hoppe', 'Ipsam ipsa qui a excepturi iste. Laborum harum quia suscipit possimus et. Laboriosam doloremque sunt enim non est saepe explicabo. Sed amet aperiam provident et. Repellat voluptatem ullam perspiciatis voluptatem.', 3, '2020-04-24 02:39:37', '2020-04-24 02:39:37'),
(215, 39, 'Ms. Ona Herman MD', 'Eos odio consequatur tenetur fuga. Laudantium voluptas et quisquam qui ea. Quis amet blanditiis magnam maxime.', 4, '2020-04-24 02:39:37', '2020-04-24 02:39:37'),
(216, 30, 'Beverly Kiehn', 'Quis aut doloremque labore. Voluptatibus velit in harum minima veritatis quo ut. Qui blanditiis et quia sit voluptas. Sint dolore reprehenderit aspernatur nam qui dolorum dicta explicabo.', 2, '2020-04-24 02:39:37', '2020-04-24 02:39:37'),
(217, 34, 'Devante Gleichner', 'Quae voluptatum vero necessitatibus saepe. Commodi nulla explicabo qui non sint. Debitis sed et rerum quo voluptatibus autem.', 4, '2020-04-24 02:39:37', '2020-04-24 02:39:37'),
(218, 42, 'Dr. Wilbert Rau Sr.', 'Nesciunt et beatae impedit vitae porro voluptatem. Sint et dolorem assumenda sit voluptates. Fuga quae sequi ullam officia quis aliquid eos.', 5, '2020-04-24 02:39:38', '2020-04-24 02:39:38'),
(219, 12, 'Travis Legros', 'Non ab officiis porro hic quia. Cum modi quod rerum eum voluptatem error.', 0, '2020-04-24 02:39:38', '2020-04-24 02:39:38'),
(220, 33, 'Maeve Thompson', 'Esse quibusdam possimus atque voluptatibus atque. Blanditiis dolorum et et non quia repudiandae excepturi. Tempora et voluptatem nemo velit.', 0, '2020-04-24 02:39:38', '2020-04-24 02:39:38'),
(221, 40, 'Noelia Emard', 'A expedita illo commodi velit. Recusandae laboriosam sapiente qui magni officia quae. Repudiandae quia aliquid aut eaque. Et voluptatem qui qui quasi autem animi.', 5, '2020-04-24 02:39:38', '2020-04-24 02:39:38'),
(222, 44, 'Lura Larkin', 'Rerum dolorem rerum expedita sit atque. Commodi facilis nisi quasi sint enim maiores a sapiente. Et omnis vitae voluptatem quis. Accusamus similique omnis tempore quia.', 3, '2020-04-24 02:39:38', '2020-04-24 02:39:38'),
(223, 24, 'Dr. Maudie Reichel Jr.', 'Dolorum cupiditate minima maiores natus beatae ea vel quidem. Asperiores esse enim voluptatum excepturi qui enim. Ad optio nam modi aspernatur ut vero expedita. Adipisci saepe fugiat harum voluptatem eos.', 4, '2020-04-24 02:39:38', '2020-04-24 02:39:38'),
(224, 5, 'Devonte Ward', 'Soluta at recusandae saepe eum nam quidem consequuntur. Est accusamus cum est quaerat qui rerum. At qui quia eaque nihil consectetur illum qui. Ut rerum vel tempore voluptas eligendi dolor rerum.', 4, '2020-04-24 02:39:38', '2020-04-24 02:39:38'),
(225, 7, 'Annabelle Murazik', 'Quo iusto porro et aut. Nemo sapiente omnis cupiditate inventore. Aspernatur voluptatem quo optio molestias.', 1, '2020-04-24 02:39:38', '2020-04-24 02:39:38'),
(226, 40, 'Prof. Jamaal Ritchie', 'Dolorem qui expedita odit est sunt. Sed deserunt delectus aspernatur autem est. Deserunt dolore ipsa enim. Quibusdam quae soluta aperiam tenetur.', 1, '2020-04-24 02:39:38', '2020-04-24 02:39:38'),
(227, 43, 'Linda Schmitt', 'Consequuntur minima voluptatibus et officiis. Minima iste tempore id. Itaque sit voluptate sunt ratione soluta qui. Dolor ut repudiandae pariatur autem iure.', 5, '2020-04-24 02:39:38', '2020-04-24 02:39:38'),
(228, 16, 'Ashtyn Weimann', 'Veritatis quae dolore voluptas in consequatur veritatis. Dolor sequi consequatur corrupti tenetur asperiores occaecati. Est nisi unde error. Dolore omnis et nam magnam.', 0, '2020-04-24 02:39:38', '2020-04-24 02:39:38'),
(229, 40, 'Ismael Koelpin', 'Totam pariatur veniam architecto dolorem vero est et. Deleniti commodi sed veniam consequatur dolorem assumenda quas. Nulla atque et ipsum repellat sunt.', 1, '2020-04-24 02:39:38', '2020-04-24 02:39:38'),
(230, 21, 'Ms. Magdalena O\'Hara V', 'Vel omnis rerum qui in. Similique iusto quas error inventore enim deleniti molestias. Rem nisi quos vero odit quis sapiente voluptate. Dolorum et ut quaerat sit id quod cumque sed. Suscipit sit fugiat illo et voluptas.', 4, '2020-04-24 02:39:38', '2020-04-24 02:39:38'),
(231, 13, 'Maymie Grimes', 'Nemo et occaecati aut iste voluptates. Odit magni aut aut qui omnis dolores. Explicabo tempora voluptas sapiente aperiam.', 3, '2020-04-24 02:39:38', '2020-04-24 02:39:38'),
(232, 38, 'Kenya Davis', 'Esse nobis maxime aut omnis non suscipit. Mollitia harum et occaecati excepturi ipsam quos. Consequuntur perspiciatis qui est numquam pariatur et eaque. Ad eos est optio expedita nihil possimus quae beatae.', 1, '2020-04-24 02:39:38', '2020-04-24 02:39:38'),
(233, 8, 'Darren Shields', 'Itaque asperiores voluptatibus saepe ut. Magnam amet praesentium qui voluptas deserunt itaque. Fuga perspiciatis minus quo illo reiciendis sapiente. Totam earum nam ut amet.', 5, '2020-04-24 02:39:38', '2020-04-24 02:39:38'),
(234, 16, 'Dr. Magali Nikolaus', 'Esse ex expedita tenetur cum autem. Qui accusantium qui consequuntur amet magnam error non. Nostrum nesciunt ipsam voluptas voluptas maiores recusandae rem.', 0, '2020-04-24 02:39:38', '2020-04-24 02:39:38'),
(235, 31, 'Braden Turcotte', 'Incidunt tenetur rem dolores ut quod repellendus deserunt. Eaque ea animi ipsa quidem perspiciatis sapiente et. Harum possimus similique culpa et necessitatibus et. Et dolores saepe aliquam et perspiciatis.', 1, '2020-04-24 02:39:39', '2020-04-24 02:39:39'),
(236, 20, 'Clovis Macejkovic Sr.', 'Quibusdam illo voluptas fugit tenetur dicta voluptatem. Molestias sunt laborum sed nihil quod deserunt et. Corrupti odio adipisci deleniti reiciendis qui. Odio ratione est nisi. Hic quo sed itaque enim reprehenderit maiores.', 0, '2020-04-24 02:39:39', '2020-04-24 02:39:39'),
(237, 19, 'Zora Langosh', 'Qui cupiditate voluptatum eius repudiandae. Aut autem quod est consequatur ullam illum. Veritatis neque officia sint et harum corrupti aut. In culpa quam eum cumque fugiat laborum vero.', 4, '2020-04-24 02:39:39', '2020-04-24 02:39:39'),
(238, 6, 'Marjolaine Abbott I', 'Nihil sunt eos consequatur ab qui totam. Omnis et placeat beatae fugiat soluta ea. Ut in ipsa suscipit et soluta accusamus. Magnam natus ducimus quaerat dolorum beatae.', 5, '2020-04-24 02:39:39', '2020-04-24 02:39:39'),
(239, 21, 'Katrine Rogahn', 'Et quia a officiis qui odio sit ullam. Quam earum sapiente nihil cum assumenda voluptatem perferendis. Quam deleniti quibusdam saepe. Labore sapiente non autem.', 0, '2020-04-24 02:39:39', '2020-04-24 02:39:39'),
(240, 1, 'Mrs. Hilma Murphy III', 'Inventore maiores qui doloribus quis accusamus accusamus et. Eum provident dolores animi maiores id. Officia perferendis aliquam est modi omnis occaecati. Totam sequi voluptatem non nemo.', 0, '2020-04-24 02:39:40', '2020-04-24 02:39:40'),
(241, 37, 'Prof. Keanu Satterfield III', 'Nihil at velit eligendi eum illum culpa. Hic quas explicabo natus eos. Voluptatem pariatur corrupti maiores iusto similique.', 5, '2020-04-24 02:39:40', '2020-04-24 02:39:40'),
(242, 31, 'Kelsi Kris', 'Nobis sint error quo sunt sunt id voluptas a. Quis illum ducimus voluptatem sed deserunt qui et. Molestiae magni velit cumque animi voluptas placeat quisquam. Quia sunt ut ut in.', 4, '2020-04-24 02:39:40', '2020-04-24 02:39:40'),
(243, 43, 'Savanah Gorczany Sr.', 'Consequatur consequuntur laboriosam porro amet laudantium sit. Fugit tempora esse et maxime maiores. Et aliquam architecto atque ut dolorem. Sit mollitia tempora omnis error.', 3, '2020-04-24 02:39:40', '2020-04-24 02:39:40'),
(244, 49, 'Pearlie Gerlach V', 'Eveniet ullam quaerat mollitia autem aliquam neque aliquam. Adipisci cupiditate eaque eius voluptas. Praesentium et dolorum rerum at dolorem dignissimos. Ipsam dolorem consequatur quia dicta adipisci.', 2, '2020-04-24 02:39:40', '2020-04-24 02:39:40'),
(245, 20, 'Melyssa Nikolaus', 'Qui expedita odio aut quis quidem exercitationem corrupti. Voluptatum unde rerum totam sed. Ut ut id minima. At omnis corporis ducimus autem.', 0, '2020-04-24 02:39:40', '2020-04-24 02:39:40'),
(246, 23, 'Kyla Hegmann IV', 'Dolor et et cum rerum ipsa impedit laudantium excepturi. Facere modi enim illo est. Ut et veniam molestiae est quod laboriosam. Molestias eius vitae culpa qui.', 4, '2020-04-24 02:39:40', '2020-04-24 02:39:40'),
(247, 14, 'Prof. Beaulah Dickinson I', 'Aliquid voluptas voluptatem qui consequuntur veniam. Quam debitis possimus aliquid. Minus nisi quis porro dolor voluptatem.', 2, '2020-04-24 02:39:40', '2020-04-24 02:39:40'),
(248, 30, 'Ms. Renee Orn', 'Repudiandae quo vel odit deleniti ea distinctio molestiae. Qui inventore possimus error totam impedit. Consequuntur et labore dolor assumenda minus. Eum commodi ab nobis tempora sed eum rerum. At facilis ipsum sit sapiente temporibus id vitae quisquam.', 2, '2020-04-24 02:39:40', '2020-04-24 02:39:40'),
(249, 7, 'Ms. Sierra Herman PhD', 'Et esse inventore praesentium velit atque. Qui ratione sequi nobis velit. Illo enim consectetur necessitatibus excepturi.', 2, '2020-04-24 02:39:40', '2020-04-24 02:39:40'),
(250, 37, 'Fredy Haley', 'Fuga error voluptatem et veritatis laborum vero. Impedit similique placeat quis dolor. Ut et amet molestiae vel dolores rerum.', 3, '2020-04-24 02:39:40', '2020-04-24 02:39:40'),
(251, 10, 'Peggie West', 'Ab eveniet sint harum in. Quas dignissimos facilis tempora veniam.', 0, '2020-04-24 02:39:40', '2020-04-24 02:39:40'),
(252, 10, 'Dr. Mauricio Jakubowski', 'Veniam qui ea non et veritatis. Dolorem iusto doloribus quam fuga. Qui officia enim perspiciatis commodi ipsum magni laborum. Amet voluptatem velit quo impedit atque nisi ut vero. Exercitationem ut non dolores eum consequatur.', 3, '2020-04-24 02:39:40', '2020-04-24 02:39:40'),
(253, 16, 'Griffin Kovacek', 'Nihil qui dolorem odit sit. Adipisci animi dignissimos id ea quasi. Quaerat est saepe et minima.', 3, '2020-04-24 02:39:40', '2020-04-24 02:39:40'),
(254, 38, 'Juwan Kautzer', 'Corrupti placeat fuga sequi magni. Rerum quis sed sint minima quis distinctio deleniti dolorem. Atque vel iure eligendi hic.', 3, '2020-04-24 02:39:40', '2020-04-24 02:39:40'),
(255, 6, 'Lonny Bartoletti PhD', 'Eum ad facilis sit quo itaque tenetur. Nobis qui ullam reprehenderit et. Eos rem quod sunt cumque vel consequuntur.', 3, '2020-04-24 02:39:40', '2020-04-24 02:39:40'),
(256, 46, 'Erna Wisozk', 'Sunt voluptas qui voluptatum. Ut quia necessitatibus placeat quae architecto et quis. Voluptatem qui voluptatem voluptatem.', 0, '2020-04-24 02:39:40', '2020-04-24 02:39:40'),
(257, 42, 'Dr. Zander Pouros', 'Quia consequatur delectus minima aliquam itaque maxime enim. Provident aperiam quas rerum id. Temporibus temporibus dolores fuga. Ipsa facere reprehenderit impedit et quaerat velit enim.', 2, '2020-04-24 02:39:41', '2020-04-24 02:39:41'),
(258, 23, 'Mrs. Aleen Runolfsson IV', 'Quae ut id tenetur ea sunt ab est. Voluptas et omnis tenetur aut corrupti provident expedita. Porro impedit perspiciatis facilis harum eaque autem vitae beatae. Reiciendis nesciunt eveniet non aperiam autem amet.', 2, '2020-04-24 02:39:41', '2020-04-24 02:39:41'),
(259, 1, 'Prof. Cordelia Koelpin', 'Est aut nesciunt sint. Veniam non nemo deserunt distinctio rerum. Quo omnis qui quidem debitis. Ut dolorem quam quia et aut dicta rerum.', 1, '2020-04-24 02:39:41', '2020-04-24 02:39:41'),
(260, 17, 'Brisa Macejkovic I', 'Omnis deleniti atque dolorem cupiditate beatae laborum. Nostrum dolores est iusto nostrum esse eos. Sed ea iure facere culpa rerum nobis.', 1, '2020-04-24 02:39:41', '2020-04-24 02:39:41'),
(261, 25, 'Kristofer Nikolaus', 'Quia ut quisquam veritatis dicta nobis. Accusamus quibusdam corrupti praesentium aspernatur aut odit et. Voluptatem maxime temporibus ab enim et qui. Occaecati maiores culpa pariatur fugiat quae.', 0, '2020-04-24 02:39:41', '2020-04-24 02:39:41'),
(262, 45, 'Lenna Jacobi', 'Quisquam voluptatem aspernatur et quisquam. Minus debitis quia nobis. Ratione cupiditate vero non. Aut et voluptates nihil itaque est sequi.', 3, '2020-04-24 02:39:41', '2020-04-24 02:39:41'),
(263, 2, 'Prof. Dasia Nikolaus', 'Voluptatem tempore error consectetur et. Ut quae quia quo atque sequi. Illo eum dolores labore pariatur impedit itaque. Corrupti qui quidem autem et velit qui.', 3, '2020-04-24 02:39:41', '2020-04-24 02:39:41'),
(264, 43, 'Nelda Stehr Sr.', 'Architecto aut repellendus enim quidem sed. Quo dicta quasi eligendi laudantium. Praesentium dolorum et autem dolor. Dolorem reprehenderit blanditiis cupiditate soluta sed.', 0, '2020-04-24 02:39:41', '2020-04-24 02:39:41'),
(265, 5, 'Prof. Casimir VonRueden I', 'Atque totam rerum eius qui consequatur laboriosam quaerat. Quia recusandae repellendus totam consectetur. Vero autem reprehenderit vel iste expedita.', 0, '2020-04-24 02:39:41', '2020-04-24 02:39:41'),
(266, 41, 'Abel Shanahan', 'Ullam est rerum aliquam tempore non reiciendis ea. Qui iste deleniti ut illum nisi et quia corrupti. Et id eum labore repellat minus facilis nihil. Eos reiciendis voluptatibus sit a eum et.', 1, '2020-04-24 02:39:41', '2020-04-24 02:39:41'),
(267, 36, 'Fleta Lockman I', 'Quisquam impedit quis qui quis earum. Sequi sunt id animi sunt. Ut ea velit iusto vero repellat quo omnis cumque. Dignissimos fugiat animi placeat repellat beatae.', 1, '2020-04-24 02:39:41', '2020-04-24 02:39:41'),
(268, 39, 'Prof. Tyrel Leffler', 'In sit doloribus et eius expedita. Dolor et eaque excepturi nulla. Quam animi vel provident et aspernatur. Magni quae aliquid et sed asperiores exercitationem.', 0, '2020-04-24 02:39:41', '2020-04-24 02:39:41'),
(269, 16, 'Willow Kreiger', 'Recusandae adipisci molestiae debitis harum. Nemo et ipsum aperiam in aut error aliquam in. Sed culpa suscipit in in vel. Voluptas ipsa expedita debitis porro fugit sunt distinctio iure.', 5, '2020-04-24 02:39:41', '2020-04-24 02:39:41'),
(270, 29, 'Connor Zboncak', 'Eaque qui eveniet molestias. Ut sint blanditiis fugit sapiente. Eum laborum sunt autem blanditiis voluptate asperiores dignissimos animi.', 3, '2020-04-24 02:39:41', '2020-04-24 02:39:41'),
(271, 21, 'Dr. Cole Larkin', 'Sed non eaque iure rerum voluptas. Quod doloremque modi voluptatum. Accusamus in et quos blanditiis. Earum voluptatem animi est eos est consequatur quis distinctio.', 2, '2020-04-24 02:39:41', '2020-04-24 02:39:41'),
(272, 32, 'Miss Ashlynn Kuhic II', 'Aliquam eum aut consequatur nesciunt. Est eos deserunt quasi iste est aut. Cumque iusto sed sed neque quia laboriosam.', 2, '2020-04-24 02:39:41', '2020-04-24 02:39:41'),
(273, 21, 'Miss Emily Trantow', 'Quis beatae quaerat molestiae debitis incidunt. Fugiat nulla sit sit ea. Laudantium molestiae delectus enim perspiciatis. Enim perferendis voluptatem quam corporis voluptatem.', 3, '2020-04-24 02:39:41', '2020-04-24 02:39:41'),
(274, 32, 'Otilia Thompson', 'Sit qui et optio quia est. Non temporibus temporibus fuga consequatur reiciendis. Ut iste quia laborum provident.', 4, '2020-04-24 02:39:41', '2020-04-24 02:39:41'),
(275, 41, 'Sandrine Rogahn', 'Rem suscipit dicta recusandae maiores neque et. Totam et quidem eos aut fugit eligendi adipisci voluptatem. Non omnis voluptas reiciendis architecto est ad. Architecto repellendus molestiae itaque esse.', 5, '2020-04-24 02:39:41', '2020-04-24 02:39:41'),
(276, 24, 'Rogelio Feil', 'Distinctio dolores et fuga. Qui non voluptas rem aut id. Nemo adipisci nihil quia deleniti dolores maiores accusamus.', 3, '2020-04-24 02:39:41', '2020-04-24 02:39:41'),
(277, 19, 'Ephraim Reilly', 'Est vitae neque illo quia et aut. Minima facilis vitae soluta ullam est dignissimos. Eum rerum culpa ad eos et. Rerum sint dolores qui ea explicabo veritatis rem.', 3, '2020-04-24 02:39:41', '2020-04-24 02:39:41'),
(278, 19, 'Mr. Jake Leannon I', 'Autem rerum sed vero laborum voluptatem voluptas et. Dolorem odit ea molestiae et quia fugit est provident. Sed architecto quas ut.', 3, '2020-04-24 02:39:41', '2020-04-24 02:39:41'),
(279, 28, 'Dr. Davin Gorczany', 'Veritatis explicabo aspernatur earum sit ipsa numquam. Architecto sed error dolore sit possimus. Sapiente quo quos aut ut.', 4, '2020-04-24 02:39:41', '2020-04-24 02:39:41'),
(280, 11, 'Remington Durgan V', 'Similique asperiores fugiat laborum et. Ipsum et voluptatum rem veniam. Est laborum in dignissimos unde odio ea. Aut et tempore voluptate enim omnis est labore.', 2, '2020-04-24 02:39:41', '2020-04-24 02:39:41'),
(281, 16, 'Dr. Davonte Mills II', 'Doloribus minus cupiditate non quo tenetur animi mollitia. Beatae veniam ad esse dolor. Aspernatur dignissimos rerum odio quod velit quo. Explicabo aspernatur voluptatum modi deserunt exercitationem et repellat. Deserunt nobis totam ut culpa vero.', 1, '2020-04-24 02:39:41', '2020-04-24 02:39:41'),
(282, 17, 'Piper Casper', 'Ut animi voluptatem a id nostrum asperiores. Dolorem in rerum et cumque vel ut dolorem. Et laudantium unde ipsam.', 4, '2020-04-24 02:39:41', '2020-04-24 02:39:41'),
(283, 49, 'Adolf Ledner', 'Omnis vero perferendis quia illum aut quia ea vitae. Vel ut beatae recusandae exercitationem possimus quaerat. Rem repellendus ipsum non debitis dolorem. Nostrum aut quia animi ut quod ipsa.', 1, '2020-04-24 02:39:42', '2020-04-24 02:39:42'),
(284, 1, 'Ms. Ottilie Brekke II', 'Fugit corporis quisquam quo dolor magnam omnis quis. Sint vel sit ut quo esse cum sint. Laudantium perferendis iure delectus est molestias.', 5, '2020-04-24 02:39:42', '2020-04-24 02:39:42'),
(285, 28, 'Charlie Reichel', 'Doloribus magnam sequi cum aliquam. Esse vitae asperiores quod. Porro repellat asperiores eum adipisci ut sint nobis error. Quia voluptatem accusamus esse est. Dolor exercitationem sit consequatur vel.', 0, '2020-04-24 02:39:42', '2020-04-24 02:39:42'),
(286, 4, 'Maureen Leffler', 'Itaque expedita quisquam dicta ipsum magni. Unde sit sequi dolorem non et. Eos quo recusandae aspernatur omnis.', 1, '2020-04-24 02:39:42', '2020-04-24 02:39:42'),
(287, 47, 'Sherwood Runte', 'Et voluptas tenetur beatae nobis. Velit ipsum exercitationem perferendis et adipisci dolor aut quia. Libero repellendus officiis nobis nobis et doloremque. Vero velit nemo ipsam velit est eveniet impedit. Quo minima et voluptatibus quisquam et a dolorem.', 4, '2020-04-24 02:39:42', '2020-04-24 02:39:42'),
(288, 49, 'Mr. Waldo O\'Keefe II', 'Hic eligendi consectetur quasi dolor. Necessitatibus aut dolores voluptates sapiente dolorum.', 5, '2020-04-24 02:39:42', '2020-04-24 02:39:42'),
(289, 1, 'Mrs. Margie Wunsch PhD', 'Dolores est voluptatem voluptatum fuga dolor voluptatem. Magni quis aliquid quia. Est alias omnis aut quas aspernatur dolorum ab. Numquam corrupti laboriosam ab dolor error minus consequatur maiores.', 4, '2020-04-24 02:39:42', '2020-04-24 02:39:42'),
(290, 47, 'Bernice Ryan Sr.', 'Mollitia impedit accusamus quasi ad quis. Quibusdam perferendis est sint sequi aut autem error. Voluptatibus asperiores animi molestias. Dolores rerum accusamus neque tempore.', 3, '2020-04-24 02:39:42', '2020-04-24 02:39:42'),
(291, 20, 'Elena Greenfelder I', 'Odio voluptas est laboriosam quam enim eum iure. Nisi provident amet molestias hic nobis ut quibusdam eos. Et eos enim et aut.', 4, '2020-04-24 02:39:42', '2020-04-24 02:39:42'),
(292, 23, 'Orville Bins', 'Distinctio aut ipsa aut neque voluptatem incidunt commodi. Vitae quo assumenda recusandae ut dolorem magni. Mollitia eius rem eveniet aliquid. Ut veritatis nihil in unde consequatur.', 4, '2020-04-24 02:39:42', '2020-04-24 02:39:42'),
(293, 25, 'Jackie Cummerata II', 'Aut dolore nostrum fugit occaecati veniam. Beatae aut unde architecto nam error facere.', 4, '2020-04-24 02:39:42', '2020-04-24 02:39:42'),
(294, 40, 'Dr. Cary Wyman', 'Cumque voluptatum et dolorum necessitatibus repellat aut suscipit. Laborum fugiat totam enim unde odit optio. Rerum quasi vel repudiandae et. Rem saepe enim sit pariatur fugit. Qui quia dolor cumque provident.', 5, '2020-04-24 02:39:42', '2020-04-24 02:39:42'),
(295, 36, 'Prof. Jarvis Wuckert PhD', 'Totam nesciunt nisi est eum. Sed et iusto est eligendi officia sequi recusandae sapiente. Molestiae ullam maiores ullam dolorem hic.', 1, '2020-04-24 02:39:42', '2020-04-24 02:39:42'),
(296, 42, 'Dr. Garland D\'Amore', 'Doloremque deserunt possimus et. Occaecati sit et magnam aperiam. Placeat consectetur iste beatae iure.', 0, '2020-04-24 02:39:42', '2020-04-24 02:39:42'),
(297, 30, 'Dr. Kamryn Brekke MD', 'Neque sed fugiat dolor et rerum omnis illo. Harum iure quam quidem. Qui molestiae ut ex quasi velit.', 3, '2020-04-24 02:39:42', '2020-04-24 02:39:42'),
(298, 39, 'Dr. Curtis Smith', 'Earum ex ad pariatur enim facilis. Quo et accusantium ex fuga aut qui. Magni quos et velit optio nulla ex nobis dolor.', 1, '2020-04-24 02:39:42', '2020-04-24 02:39:42'),
(299, 3, 'Prof. Keven Gorczany Sr.', 'Fuga dicta veritatis rerum expedita. Pariatur odio sint fuga alias dignissimos distinctio beatae sint.', 1, '2020-04-24 02:39:42', '2020-04-24 02:39:42'),
(300, 11, 'Eliza Emard', 'Sed perspiciatis hic error optio tempora. Veniam cupiditate est dicta ad. Quisquam nihil modi a quam occaecati ullam.', 2, '2020-04-24 02:39:42', '2020-04-24 02:39:42'),
(301, 14, 'Bryce Prosacco', 'Dolorem in quae aut vitae voluptatem. Et voluptatibus dolorum quae omnis laborum quia ad. Cum aut eum qui eligendi unde ratione doloribus sequi. Odit quia similique quia qui quod.', 5, '2020-04-24 02:39:43', '2020-04-24 02:39:43'),
(302, 21, 'Sister Ullrich', 'In optio id veniam consequatur reiciendis aut. Necessitatibus molestiae reprehenderit aspernatur atque consectetur voluptatem et. Rerum dolore non quo quos.', 2, '2020-04-24 02:39:43', '2020-04-24 02:39:43'),
(303, 13, 'Ms. Adrianna Nikolaus', 'Eos omnis quis quo. Sit est est consequatur. Possimus molestiae quia dolor rerum ab rerum.', 1, '2020-04-24 02:39:43', '2020-04-24 02:39:43'),
(304, 31, 'Andy Kovacek I', 'Molestias eveniet accusamus molestiae et quis labore quo. Officiis dicta non error illum sit. Voluptatem beatae deserunt tempora quas eligendi distinctio fugit unde.', 1, '2020-04-24 02:39:43', '2020-04-24 02:39:43'),
(305, 45, 'Prof. Eleanora Emmerich Jr.', 'Exercitationem iure facilis praesentium quae laboriosam labore. Aspernatur ex sint quae.', 2, '2020-04-24 02:39:43', '2020-04-24 02:39:43'),
(306, 12, 'Jack Parker', 'Possimus ad perferendis quia non consequatur nihil. Tempore aut culpa provident eum velit aperiam. Omnis quis quo atque amet.', 1, '2020-04-24 02:39:43', '2020-04-24 02:39:43'),
(307, 29, 'Ben Berge', 'Similique molestiae illum saepe qui provident voluptas dolores. Rerum consequuntur officia et explicabo laborum quae quis. Dignissimos velit eos recusandae maiores autem qui id. Sed accusamus provident magni blanditiis nostrum delectus.', 2, '2020-04-24 02:39:43', '2020-04-24 02:39:43'),
(308, 15, 'Alexys Barrows', 'Odio molestiae sint sit. Perferendis velit voluptas incidunt molestias molestias nihil et. Ea et non aperiam est.', 3, '2020-04-24 02:39:43', '2020-04-24 02:39:43'),
(309, 7, 'Shirley Jacobi', 'Occaecati deleniti maxime deserunt non rerum consectetur. Unde nihil non qui quod possimus dolor aspernatur. Voluptatum iure voluptatem odit sequi.', 1, '2020-04-24 02:39:43', '2020-04-24 02:39:43'),
(310, 44, 'Prof. Emelie Koelpin', 'Consectetur sint nobis ullam distinctio. Doloremque labore distinctio nam aut aut aut. Ut vel aut ea unde. Voluptates expedita non corporis repellendus ipsa consequatur.', 0, '2020-04-24 02:39:43', '2020-04-24 02:39:43'),
(311, 9, 'Miss Nadia Jerde MD', 'Praesentium rerum accusamus omnis sint. Itaque incidunt ipsum est. Est veniam soluta saepe nobis sit amet maiores reiciendis. Molestiae nesciunt est aut rem.', 2, '2020-04-24 02:39:43', '2020-04-24 02:39:43'),
(312, 15, 'Clifton Cartwright', 'Odit ad odio et iusto. Ut ut excepturi et ut. Architecto iste odio quia aut corrupti dolore.', 2, '2020-04-24 02:39:43', '2020-04-24 02:39:43'),
(313, 17, 'Dr. Kari Emard', 'Molestiae cumque sit facere pariatur ea. Numquam dolores voluptatem deleniti. Distinctio quod nihil quas. Omnis minima non recusandae natus quae sed dolorem.', 3, '2020-04-24 02:39:43', '2020-04-24 02:39:43'),
(314, 2, 'Gilbert Lebsack', 'Occaecati quia et eum quo. Occaecati culpa quia quis provident totam. Vitae quis sit quisquam.', 5, '2020-04-24 02:39:43', '2020-04-24 02:39:43'),
(315, 24, 'Jennie Towne', 'Cum provident laborum quia autem odit harum natus. Et modi eius eum ea modi molestias nulla et. Autem debitis quia molestiae quae.', 4, '2020-04-24 02:39:43', '2020-04-24 02:39:43'),
(316, 8, 'Horace Crist', 'Totam ut nostrum quod itaque cum. Velit tempore recusandae quasi ducimus. At dicta et quia quae qui est velit. Ut impedit rerum eum accusamus laudantium quidem. Aut eveniet officiis corrupti amet.', 3, '2020-04-24 02:39:43', '2020-04-24 02:39:43'),
(317, 45, 'Jakob Hills', 'Magni nemo quaerat accusantium reprehenderit. Adipisci ut ipsam voluptas veniam sit libero aliquam et. Quam modi eos consequuntur.', 0, '2020-04-24 02:39:43', '2020-04-24 02:39:43'),
(318, 35, 'Kayley Roob', 'Esse qui enim veniam amet est. Consequatur commodi deserunt ad laudantium eius.', 3, '2020-04-24 02:39:43', '2020-04-24 02:39:43'),
(319, 7, 'Miss Hallie Homenick Sr.', 'Saepe quod blanditiis a sed est ratione voluptas. Nisi rerum vel sit odio quis. Accusamus officiis perferendis incidunt aspernatur expedita mollitia. Explicabo dolores eos suscipit sit occaecati at iusto harum.', 2, '2020-04-24 02:39:43', '2020-04-24 02:39:43'),
(320, 14, 'Mekhi Nienow', 'Distinctio eos fuga temporibus. Deleniti id sit libero quo ratione laudantium. Voluptas aut quia expedita nihil sit rerum. Eius nihil temporibus sint et qui.', 4, '2020-04-24 02:39:43', '2020-04-24 02:39:43'),
(321, 11, 'Lucious Jakubowski', 'Aspernatur qui minus ut inventore ut. Adipisci dolorem distinctio qui cumque dolorem deserunt possimus. Recusandae sapiente ut qui aperiam dicta deleniti voluptatem. Fuga quia placeat optio.', 3, '2020-04-24 02:39:43', '2020-04-24 02:39:43'),
(322, 42, 'Jeffry Bogan', 'Voluptatem nemo molestiae eaque fugit ducimus nesciunt. Veniam sed maiores soluta iusto consequatur et possimus. Ab ducimus eaque necessitatibus nulla magni. Sint neque aut nihil saepe sapiente commodi. Eius porro deserunt suscipit cupiditate non animi ea.', 1, '2020-04-24 02:39:43', '2020-04-24 02:39:43'),
(323, 24, 'Mrs. Janice Satterfield PhD', 'Eaque et sunt qui sit. Dolore odio quam aut ipsam qui quia. Saepe tenetur rerum pariatur sint eligendi. Beatae sint libero reiciendis et ullam inventore fuga.', 5, '2020-04-24 02:39:43', '2020-04-24 02:39:43'),
(324, 14, 'Kathryne Marks III', 'Aliquam quod tempore corporis et quia temporibus sit. Incidunt aperiam ut possimus dicta. Pariatur voluptatibus dolorem dolor optio. Enim officiis dolor recusandae ut in et ratione.', 1, '2020-04-24 02:39:43', '2020-04-24 02:39:43'),
(325, 11, 'Jolie Jerde V', 'Rem quos porro corrupti ullam suscipit sit quo. Accusantium at veniam quia voluptatem. Ut esse veritatis quibusdam consequatur.', 0, '2020-04-24 02:39:43', '2020-04-24 02:39:43'),
(326, 35, 'Isabelle O\'Conner', 'Vitae rerum incidunt alias assumenda sit. Exercitationem sed exercitationem molestias est consequuntur dolorem id. Tenetur odio minima est omnis eum.', 5, '2020-04-24 02:39:43', '2020-04-24 02:39:43'),
(327, 38, 'Dr. Anderson Corwin DDS', 'Aut quia perferendis veritatis est vitae placeat. Voluptatem quam laudantium ratione reprehenderit atque. Ex nesciunt ad molestias omnis excepturi aliquid. Dolorum distinctio ab facilis amet odio.', 2, '2020-04-24 02:39:43', '2020-04-24 02:39:43'),
(328, 41, 'Timothy Conroy', 'Quia et assumenda corrupti non nihil facere modi. Sed eius dolorem tempore quia. Magnam repellat aut veniam dolor ut molestiae porro. Ex voluptatibus impedit vel qui explicabo.', 0, '2020-04-24 02:39:44', '2020-04-24 02:39:44'),
(329, 31, 'Harmon Murphy', 'Et omnis illum labore voluptas. Et voluptates in id. Et suscipit enim magni. Aut harum qui vitae perspiciatis numquam laborum culpa.', 1, '2020-04-24 02:39:44', '2020-04-24 02:39:44'),
(330, 9, 'Kamryn Toy', 'Saepe vero tenetur odio aut aliquid quo adipisci. Minima similique asperiores ad voluptatem voluptate dignissimos. Reiciendis esse sit eius cum non.', 3, '2020-04-24 02:39:44', '2020-04-24 02:39:44'),
(331, 6, 'Amber Kuvalis', 'Eveniet nihil sapiente quo sit quisquam in quia. Nobis tempore velit perferendis aut. Aperiam ab harum facilis sint earum eum. Laboriosam voluptas sit suscipit et nihil nisi.', 4, '2020-04-24 02:39:44', '2020-04-24 02:39:44'),
(332, 2, 'Prof. Rodrick Kessler', 'Consequuntur ut sint vitae amet laborum. Minus corrupti nostrum dicta molestias ad aliquam. Cum corrupti quo neque. Quidem aliquam molestias error ratione eum corrupti quas.', 1, '2020-04-24 02:39:44', '2020-04-24 02:39:44'),
(333, 12, 'Magali Conroy', 'Pariatur odio dolor dolor exercitationem sapiente. Et et ab dolores blanditiis deserunt iure. Expedita nostrum eaque cum odit dolores ratione aperiam. Consectetur in aspernatur enim quas.', 1, '2020-04-24 02:39:44', '2020-04-24 02:39:44'),
(334, 26, 'Rubie Witting PhD', 'Temporibus quia delectus voluptatem aliquam. Consectetur totam labore nam aperiam amet. Dolores reprehenderit vel aut ducimus optio impedit.', 0, '2020-04-24 02:39:44', '2020-04-24 02:39:44'),
(335, 32, 'Eulah Rowe MD', 'At quis delectus doloribus corrupti illo autem facilis. Impedit reprehenderit qui sed pariatur. Cupiditate provident expedita ipsam animi dolores.', 4, '2020-04-24 02:39:44', '2020-04-24 02:39:44'),
(336, 34, 'Ms. Claire O\'Hara DVM', 'Corrupti consequatur consequatur repudiandae explicabo et quae enim. Dolores officia eos odit aut modi voluptatem beatae sint. Et veritatis ab non repudiandae porro. Distinctio voluptates vel quod veniam atque.', 1, '2020-04-24 02:39:44', '2020-04-24 02:39:44'),
(337, 10, 'Mr. Hazel Roberts', 'Quia aut et animi aliquid. Ullam et exercitationem harum aut vel sequi. Voluptate mollitia vel architecto. Et quisquam distinctio ducimus placeat maxime. Nisi inventore quam rerum iure aliquid accusantium.', 5, '2020-04-24 02:39:44', '2020-04-24 02:39:44'),
(338, 26, 'Parker Hills', 'Doloribus modi ad voluptas dignissimos maxime. Cumque vitae consequatur et. In autem ea placeat est architecto id. Dolorem officia omnis temporibus suscipit est aut ex non. Non aliquid sed cum voluptatum dolor laboriosam corrupti quos.', 3, '2020-04-24 02:39:44', '2020-04-24 02:39:44'),
(339, 12, 'Dr. Jakob Romaguera I', 'Non cum veniam voluptatem in est consequuntur. Dolore aspernatur omnis quia ut. Voluptate ex et numquam harum eveniet. Aliquid atque eius ut omnis.', 4, '2020-04-24 02:39:44', '2020-04-24 02:39:44'),
(340, 33, 'Hayden Krajcik', 'Reiciendis voluptatem sequi quasi sit similique nihil. Alias molestiae reprehenderit ex. Quia facilis perspiciatis dolores suscipit voluptas vero omnis ut.', 5, '2020-04-24 02:39:44', '2020-04-24 02:39:44'),
(341, 23, 'Dorris Greenfelder Jr.', 'Distinctio et qui omnis id. Veritatis consequuntur explicabo omnis ducimus. Molestias modi veniam soluta accusamus quia aut quas aliquid.', 1, '2020-04-24 02:39:44', '2020-04-24 02:39:44'),
(342, 38, 'Dr. Graciela Walter', 'Expedita fuga enim laudantium non. Velit est cum sint sed voluptatem quia. Doloremque est dicta consequuntur velit voluptatem ullam. Error ullam aperiam qui rerum et quisquam.', 0, '2020-04-24 02:39:44', '2020-04-24 02:39:44'),
(343, 6, 'Demarcus Turner', 'Enim recusandae velit autem. Eveniet et facilis quam.', 3, '2020-04-24 02:39:44', '2020-04-24 02:39:44'),
(344, 27, 'Terence Flatley I', 'Sit qui et sit quisquam voluptatibus quis. Qui quia quas et voluptates earum. Nihil maxime eum excepturi vitae qui praesentium totam. Quisquam maiores nisi sit et aspernatur aperiam itaque voluptatem.', 3, '2020-04-24 02:39:44', '2020-04-24 02:39:44'),
(345, 38, 'Zelma Marks', 'Eum recusandae molestiae et quibusdam rerum. Enim eum iure ut. Vero voluptatem quia a qui qui asperiores.', 4, '2020-04-24 02:39:44', '2020-04-24 02:39:44'),
(346, 21, 'Anderson Romaguera', 'Dolorem quis esse harum quae voluptas itaque. Nihil ipsum magnam minus officia dolorum atque soluta velit. Aut ea quis illo voluptas voluptas blanditiis corrupti. Consequatur nihil et explicabo.', 2, '2020-04-24 02:39:44', '2020-04-24 02:39:44'),
(347, 45, 'Leta Johnson MD', 'Maiores aut corrupti et non fugiat ut. Cum quia sit praesentium cumque. Repellat quas aut magnam earum delectus officia. Quos qui incidunt est minima quo.', 4, '2020-04-24 02:39:44', '2020-04-24 02:39:44'),
(348, 9, 'Doug Moen', 'Porro minima eos praesentium iusto omnis eaque animi. Eius aut alias officiis quasi enim in. Non voluptatem voluptatem velit officiis nihil neque et. Et ea corrupti qui sit sit sint.', 4, '2020-04-24 02:39:44', '2020-04-24 02:39:44'),
(349, 20, 'Loraine Bergnaum PhD', 'Alias explicabo quia est repellat similique. Qui nesciunt mollitia mollitia sunt consequuntur. Aperiam suscipit error in.', 2, '2020-04-24 02:39:45', '2020-04-24 02:39:45'),
(350, 49, 'Prof. Toni Quigley', 'Eaque et et animi ea aut impedit et. Aut ipsam beatae id et sunt. Rerum illum et voluptatem blanditiis consequatur. Est doloribus et dolor error nobis placeat. Ut veritatis nihil quas omnis.', 2, '2020-04-24 02:39:45', '2020-04-24 02:39:45'),
(351, 10, 'Miss Sabina Stracke', 'Corporis qui quia est dolorem quo. Officiis dolores voluptas quidem placeat. Veritatis aut excepturi consequatur unde at. Perferendis sed amet voluptatem veritatis maxime non.', 4, '2020-04-24 02:39:45', '2020-04-24 02:39:45'),
(352, 43, 'Scotty Rice', 'Corrupti veritatis vel rerum recusandae dicta eveniet est. Voluptatum ut et et laboriosam magni accusantium. Nemo vel itaque dignissimos est.', 5, '2020-04-24 02:39:45', '2020-04-24 02:39:45'),
(353, 44, 'Ebba Raynor', 'Fuga dolor consequatur enim ut eos. Sint tenetur modi dolorem nisi aut est ex quos. Amet magni quo rerum ad. Necessitatibus quia ipsa repellat nihil.', 1, '2020-04-24 02:39:45', '2020-04-24 02:39:45'),
(354, 28, 'Nicole Turner', 'Sed et ratione id voluptatum consequuntur. Eos culpa facere non magnam. Sed nisi sit voluptatem illo. Error culpa sed officiis ut.', 5, '2020-04-24 02:39:45', '2020-04-24 02:39:45'),
(355, 45, 'Helene Wolff', 'Aut porro quia accusamus cupiditate. Exercitationem perferendis voluptates porro ipsum tenetur consequuntur quos. Cupiditate laudantium non eum debitis. Asperiores earum incidunt sed quod.', 4, '2020-04-24 02:39:45', '2020-04-24 02:39:45'),
(356, 46, 'Dr. Elise Jones', 'Ea ab nesciunt pariatur temporibus minima. Corporis eius excepturi enim atque.', 2, '2020-04-24 02:39:45', '2020-04-24 02:39:45'),
(357, 16, 'Dawn Johns IV', 'Ea voluptas rerum dignissimos voluptatem laborum in. Sint quisquam sint praesentium facere assumenda possimus debitis sequi. Est iusto error doloribus adipisci aut sed necessitatibus. Ex ut illum saepe omnis.', 0, '2020-04-24 02:39:45', '2020-04-24 02:39:45'),
(358, 38, 'Sydni Howell', 'Voluptas laborum placeat officiis nisi quia mollitia iste. Ab at cum est error magni. Reiciendis pariatur eos velit fugiat error. Rerum ratione aliquam repellendus illo perferendis molestiae voluptatum voluptates.', 2, '2020-04-24 02:39:45', '2020-04-24 02:39:45'),
(359, 41, 'Dr. Liliana Graham III', 'Est consequuntur dolor dignissimos ipsam. Optio animi et officia consequatur. Minus dolore quae amet eaque recusandae quod. Omnis adipisci qui necessitatibus ullam.', 5, '2020-04-24 02:39:45', '2020-04-24 02:39:45'),
(360, 45, 'Abdullah Mueller MD', 'Ut et blanditiis repellat sapiente. Non sequi voluptatem iusto dolorem.', 3, '2020-04-24 02:39:45', '2020-04-24 02:39:45'),
(361, 16, 'Rolando Eichmann', 'Consequatur occaecati officiis voluptas eum qui nam. Illum maxime non accusamus ipsam distinctio est. Temporibus et voluptatem animi suscipit.', 1, '2020-04-24 02:39:45', '2020-04-24 02:39:45'),
(362, 44, 'Alan Kozey', 'Vero est placeat sint modi quae. Est esse quidem laborum molestiae.', 0, '2020-04-24 02:39:45', '2020-04-24 02:39:45'),
(363, 15, 'Audie Kertzmann', 'Voluptatem laboriosam a vel consectetur dolor. Sunt praesentium voluptas hic.', 3, '2020-04-24 02:39:45', '2020-04-24 02:39:45'),
(364, 33, 'Dr. Rebeca Goldner I', 'Et dolores nihil ipsam voluptas adipisci consequuntur. Omnis illum cum porro aspernatur. Quis qui architecto aspernatur.', 2, '2020-04-24 02:39:45', '2020-04-24 02:39:45'),
(365, 29, 'Taryn Trantow', 'Ex voluptatibus voluptas et repellat quia repudiandae. Asperiores consequuntur sunt eaque voluptatum totam vero fuga.', 2, '2020-04-24 02:39:45', '2020-04-24 02:39:45'),
(366, 29, 'Mr. Lawrence Hackett', 'Nisi repellendus eum sed sed. Pariatur qui reprehenderit qui. Mollitia accusamus incidunt minima in. Eos et eaque deserunt velit magnam dolorem ad. Tenetur sapiente et similique reprehenderit nihil.', 4, '2020-04-24 02:39:45', '2020-04-24 02:39:45'),
(367, 14, 'Titus Senger I', 'Est totam sed excepturi enim architecto ut asperiores. Possimus qui magni labore maxime dolores. Sequi voluptates enim aut facilis voluptatem necessitatibus est.', 4, '2020-04-24 02:39:45', '2020-04-24 02:39:45'),
(368, 18, 'Gabriella Witting', 'Omnis sed velit dolor temporibus amet. Cumque quia officiis quo aut consequatur quod earum. Occaecati qui voluptatem consequatur reiciendis. Qui harum aut perferendis minus dolores.', 3, '2020-04-24 02:39:45', '2020-04-24 02:39:45'),
(369, 15, 'Tom Jones', 'Quas vel dolores ut perspiciatis quia rerum animi. Quae necessitatibus ipsum suscipit qui repellendus blanditiis harum. Enim eaque harum quae sunt unde distinctio nemo vel. Aut tenetur expedita quia ipsa et quo nihil.', 5, '2020-04-24 02:39:45', '2020-04-24 02:39:45'),
(370, 17, 'Reyes Kihn DVM', 'Nulla et occaecati iure accusamus ducimus. Nisi quia quae velit deleniti veritatis placeat. Nobis neque optio et quisquam culpa nemo.', 1, '2020-04-24 02:39:45', '2020-04-24 02:39:45'),
(371, 2, 'Ms. Maryse Weissnat Sr.', 'Molestiae id enim autem ipsa autem. Officiis rerum enim et ipsum voluptate odit. Id cum officia veritatis ut corrupti alias dolor. Officiis iusto mollitia et exercitationem.', 2, '2020-04-24 02:39:46', '2020-04-24 02:39:46'),
(372, 17, 'Leta Olson', 'Est impedit consectetur reprehenderit. Et nostrum facilis et et. Sit sit est reiciendis laudantium sunt fugiat laborum. Libero sapiente aliquam atque qui voluptas aut.', 0, '2020-04-24 02:39:46', '2020-04-24 02:39:46'),
(373, 36, 'Adrienne Macejkovic', 'Beatae labore veniam voluptatum quaerat. Aliquam eius voluptatem perferendis aspernatur pariatur. Quod et eveniet dolor veritatis consequatur. Modi ad officiis adipisci eos asperiores quibusdam voluptatum.', 2, '2020-04-24 02:39:46', '2020-04-24 02:39:46'),
(374, 20, 'Mrs. Theresia Goodwin', 'Modi natus necessitatibus nobis deleniti tenetur eum. Repudiandae asperiores sit beatae doloribus excepturi. Nam rerum fugiat cum suscipit.', 0, '2020-04-24 02:39:46', '2020-04-24 02:39:46'),
(375, 49, 'Mr. Tommie Orn PhD', 'Maxime vel atque reprehenderit deserunt ratione vero fugit. Dolor earum aut consequatur quis aspernatur voluptatum. Hic iure unde provident voluptatem.', 3, '2020-04-24 02:39:46', '2020-04-24 02:39:46'),
(376, 31, 'Jennyfer Schumm', 'Consequatur esse laboriosam architecto molestiae. Autem reprehenderit fugiat rerum magnam incidunt sit nam. Pariatur aut debitis possimus. Mollitia qui velit rem quidem maxime consequatur.', 2, '2020-04-24 02:39:46', '2020-04-24 02:39:46'),
(377, 16, 'Dr. Titus Casper', 'Explicabo animi voluptatem veritatis tenetur. Natus reiciendis ipsum assumenda. Ex et placeat quia perferendis. Sunt doloribus aut occaecati et id ut. Et corporis debitis maxime qui quae facilis.', 5, '2020-04-24 02:39:46', '2020-04-24 02:39:46'),
(378, 18, 'Candelario Hansen PhD', 'Quia et qui consequatur quia itaque facere. Voluptatibus facere delectus exercitationem odio reiciendis. Cupiditate voluptate cupiditate nemo architecto sed dicta nemo beatae.', 5, '2020-04-24 02:39:46', '2020-04-24 02:39:46'),
(379, 49, 'Alta Hyatt', 'Qui reiciendis in est cupiditate sunt id. Ad in dolor voluptate doloribus aut. Assumenda dolore perferendis deserunt optio maxime odio eligendi.', 3, '2020-04-24 02:39:46', '2020-04-24 02:39:46'),
(380, 20, 'Krystina Hoeger', 'Suscipit dolore temporibus non quia quasi aut recusandae. Dolores nihil quis ratione ex ad voluptas. Omnis aut expedita ut est necessitatibus omnis tenetur. Quod veritatis pariatur ab quasi ut.', 1, '2020-04-24 02:39:46', '2020-04-24 02:39:46'),
(381, 27, 'Saul Corkery', 'Dolor ratione repellat quo consequuntur et eos cumque dolorem. Eum et maiores sapiente occaecati.', 2, '2020-04-24 02:39:46', '2020-04-24 02:39:46'),
(382, 1, 'Dr. Alexandro Shields', 'Illo ut illo aliquid autem. Et beatae odit consequatur ipsa ipsa. Ex sed voluptates exercitationem iusto magnam. Ducimus non sequi commodi voluptatem repudiandae.', 0, '2020-04-24 02:39:46', '2020-04-24 02:39:46'),
(383, 47, 'Araceli Gerlach III', 'Accusantium vero maiores ea nobis quidem sit eos. Dignissimos distinctio temporibus in possimus quis.', 2, '2020-04-24 02:39:46', '2020-04-24 02:39:46'),
(384, 25, 'Rhoda Funk', 'Aut ratione animi non eveniet reprehenderit voluptatum rerum. Dolor fugiat voluptatem dolore. Temporibus magnam excepturi et deleniti voluptatem qui quia facere. Et qui quo eligendi dolores dignissimos.', 2, '2020-04-24 02:39:46', '2020-04-24 02:39:46'),
(385, 15, 'Keaton Goyette DVM', 'Quas unde accusantium corporis quam sit dolorem animi. Labore quis rerum atque. Aut amet in quas.', 2, '2020-04-24 02:39:46', '2020-04-24 02:39:46'),
(386, 47, 'Letha Moore', 'Provident natus nulla corrupti minus et voluptatum. Consequuntur suscipit architecto culpa soluta. Reprehenderit explicabo enim recusandae. Et nesciunt perferendis molestiae magni dolorem ut molestiae.', 5, '2020-04-24 02:39:46', '2020-04-24 02:39:46'),
(387, 30, 'Duane McCullough', 'Sed sequi libero eum reiciendis odit quia. Perspiciatis sed saepe incidunt praesentium aliquam sed nihil voluptas. Possimus veritatis et quia enim voluptatum laboriosam aut.', 5, '2020-04-24 02:39:46', '2020-04-24 02:39:46'),
(388, 23, 'Dangelo Pollich', 'Autem facilis voluptatem quia sequi sit aut autem. Doloremque non consequuntur optio velit. Nam esse quae ipsam consectetur esse quas. Laboriosam et veritatis est quaerat.', 1, '2020-04-24 02:39:46', '2020-04-24 02:39:46'),
(389, 40, 'Mrs. Lois Feil DDS', 'Qui error suscipit tempore voluptatem. Velit ad eum odit quis autem cupiditate. Dolorem suscipit nostrum aperiam omnis nam.', 1, '2020-04-24 02:39:46', '2020-04-24 02:39:46'),
(390, 5, 'Prof. Kennedy Wilderman I', 'Esse culpa rem suscipit. Aliquid temporibus doloremque qui corporis suscipit et aliquam. Autem hic quibusdam necessitatibus sapiente. A sed iusto quaerat.', 1, '2020-04-24 02:39:46', '2020-04-24 02:39:46'),
(391, 5, 'Anissa Ernser', 'Voluptas vitae corrupti est veritatis voluptas est libero. Ab eligendi soluta ad officia et vero dolorem. Et possimus facilis tempore.', 4, '2020-04-24 02:39:46', '2020-04-24 02:39:46'),
(392, 32, 'Sibyl Tillman', 'Et eligendi in culpa earum neque similique. Nisi tempora ut aliquam sed labore aut sequi dolore. Quia eum aut nihil ut.', 1, '2020-04-24 02:39:46', '2020-04-24 02:39:46'),
(393, 34, 'Carlo Gulgowski', 'Molestiae minima esse nesciunt et aut et omnis. Tenetur quasi nesciunt sequi fuga voluptas.', 4, '2020-04-24 02:39:46', '2020-04-24 02:39:46'),
(394, 27, 'Jerel Weissnat V', 'Ut minus velit molestiae molestias. Voluptatem eum soluta tempore et. Sed nemo labore et ex.', 2, '2020-04-24 02:39:46', '2020-04-24 02:39:46'),
(395, 40, 'Tracey Dickens', 'Consequuntur dolorem dolorem nostrum consequuntur praesentium pariatur. Voluptas est corporis omnis consectetur molestias sapiente. Aliquam omnis ipsam est reiciendis.', 4, '2020-04-24 02:39:46', '2020-04-24 02:39:46'),
(396, 2, 'Ebony Christiansen I', 'Ut quas molestiae quo placeat quis voluptatum. Natus velit quod rerum ipsa expedita quae. Quae quis et voluptas vel nihil non. Aut id aut deserunt cupiditate expedita quis. Vitae sunt nobis minima sunt libero.', 4, '2020-04-24 02:39:46', '2020-04-24 02:39:46'),
(397, 29, 'Prof. Arlie Schiller', 'Fugit enim deleniti sapiente asperiores reiciendis repellendus ex. Rerum asperiores nisi sint sed sunt. Cupiditate non et ratione ex.', 4, '2020-04-24 02:39:46', '2020-04-24 02:39:46'),
(398, 40, 'Katarina Gislason', 'Est itaque eos ea assumenda. Est facere molestiae et et quibusdam nesciunt. Magni magnam ut est ipsam qui architecto vitae omnis.', 1, '2020-04-24 02:39:46', '2020-04-24 02:39:46'),
(399, 10, 'Miss Dolly Stroman', 'Ut expedita et sequi. Omnis consectetur quas voluptatibus totam esse maxime quas similique. Beatae voluptas consequuntur neque quia iste illum.', 1, '2020-04-24 02:39:47', '2020-04-24 02:39:47'),
(400, 13, 'Mrs. Serena Armstrong Sr.', 'Laboriosam dolorem inventore repellendus perspiciatis aspernatur illo. Nostrum ipsum et omnis sit est qui. Laboriosam eum aut et mollitia officiis. Adipisci excepturi non architecto sit et.', 4, '2020-04-24 02:39:47', '2020-04-24 02:39:47');

-- --------------------------------------------------------

--
-- Table structure for table `users`
--

CREATE TABLE `users` (
  `id` bigint(20) UNSIGNED NOT NULL,
  `name` varchar(191) COLLATE utf8mb4_unicode_ci NOT NULL,
  `email` varchar(191) COLLATE utf8mb4_unicode_ci NOT NULL,
  `email_verified_at` timestamp NULL DEFAULT NULL,
  `password` varchar(191) COLLATE utf8mb4_unicode_ci NOT NULL,
  `remember_token` varchar(100) COLLATE utf8mb4_unicode_ci DEFAULT NULL,
  `created_at` timestamp NULL DEFAULT NULL,
  `updated_at` timestamp NULL DEFAULT NULL
) ENGINE=InnoDB DEFAULT CHARSET=utf8mb4 COLLATE=utf8mb4_unicode_ci;

--
-- Indexes for dumped tables
--

--
-- Indexes for table `failed_jobs`
--
ALTER TABLE `failed_jobs`
  ADD PRIMARY KEY (`id`);

--
-- Indexes for table `migrations`
--
ALTER TABLE `migrations`
  ADD PRIMARY KEY (`id`);

--
-- Indexes for table `products`
--
ALTER TABLE `products`
  ADD PRIMARY KEY (`id`);

--
-- Indexes for table `reviews`
--
ALTER TABLE `reviews`
  ADD PRIMARY KEY (`id`),
  ADD KEY `reviews_product_id_foreign` (`product_id`);

--
-- Indexes for table `users`
--
ALTER TABLE `users`
  ADD PRIMARY KEY (`id`),
  ADD UNIQUE KEY `users_email_unique` (`email`);

--
-- AUTO_INCREMENT for dumped tables
--

--
-- AUTO_INCREMENT for table `failed_jobs`
--
ALTER TABLE `failed_jobs`
  MODIFY `id` bigint(20) UNSIGNED NOT NULL AUTO_INCREMENT;

--
-- AUTO_INCREMENT for table `migrations`
--
ALTER TABLE `migrations`
  MODIFY `id` int(10) UNSIGNED NOT NULL AUTO_INCREMENT, AUTO_INCREMENT=5;

--
-- AUTO_INCREMENT for table `products`
--
ALTER TABLE `products`
  MODIFY `id` bigint(20) UNSIGNED NOT NULL AUTO_INCREMENT, AUTO_INCREMENT=51;

--
-- AUTO_INCREMENT for table `reviews`
--
ALTER TABLE `reviews`
  MODIFY `id` bigint(20) UNSIGNED NOT NULL AUTO_INCREMENT, AUTO_INCREMENT=401;

--
-- AUTO_INCREMENT for table `users`
--
ALTER TABLE `users`
  MODIFY `id` bigint(20) UNSIGNED NOT NULL AUTO_INCREMENT;

--
-- Constraints for dumped tables
--

--
-- Constraints for table `reviews`
--
ALTER TABLE `reviews`
  ADD CONSTRAINT `reviews_product_id_foreign` FOREIGN KEY (`product_id`) REFERENCES `products` (`id`);
COMMIT;

/*!40101 SET CHARACTER_SET_CLIENT=@OLD_CHARACTER_SET_CLIENT */;
/*!40101 SET CHARACTER_SET_RESULTS=@OLD_CHARACTER_SET_RESULTS */;
/*!40101 SET COLLATION_CONNECTION=@OLD_COLLATION_CONNECTION */;
